Exception in thread Thread-1 (synth_worker):
Exception in thread Thread-2 (synth_worker):
Traceback (most recent call last):
Traceback (most recent call last):
  File "C:\Users\xenoa\AppData\Roaming\uv\python\cpython-3.11-windows-x86_64-none\Lib\threading.py", line 1045, in _bootstrap_inner
  File "C:\Users\xenoa\AppData\Roaming\uv\python\cpython-3.11-windows-x86_64-none\Lib\threading.py", line 1045, in _bootstrap_inner
Exception in thread Thread-3 (synth_worker):
    self.run()
Traceback (most recent call last):
  File "C:\Users\xenoa\AppData\Roaming\uv\python\cpython-3.11-windows-x86_64-none\Lib\threading.py", line 982, in run
  File "C:\Users\xenoa\AppData\Roaming\uv\python\cpython-3.11-windows-x86_64-none\Lib\threading.py", line 1045, in _bootstrap_inner
    self.run()
    self._target(*self._args, **self._kwargs)
  File "C:\Users\xenoa\AppData\Roaming\uv\python\cpython-3.11-windows-x86_64-none\Lib\threading.py", line 982, in run
TypeError: main.<locals>.synth_worker() missing 1 required positional argument: 'wid'
    self.run()
    self._target(*self._args, **self._kwargs)
  File "C:\Users\xenoa\AppData\Roaming\uv\python\cpython-3.11-windows-x86_64-none\Lib\threading.py", line 982, in run
TypeError: main.<locals>.synth_worker() missing 1 required positional argument: 'wid'
    self._target(*self._args, **self._kwargs)
TypeError: main.<locals>.synth_worker() missing 1 required positional argument: 'wid'
Exception in thread Thread-5 (synth_worker):
Traceback (most recent call last):
  File "C:\Users\xenoa\AppData\Roaming\uv\python\cpython-3.11-windows-x86_64-none\Lib\threading.py", line 1045, in _bootstrap_inner
Exception in thread Thread-7 (synth_worker):
Traceback (most recent call last):
Exception in thread Thread-6 (synth_worker):
Traceback (most recent call last):
  File "C:\Users\xenoa\AppData\Roaming\uv\python\cpython-3.11-windows-x86_64-none\Lib\threading.py", line 1045, in _bootstrap_inner
  File "C:\Users\xenoa\AppData\Roaming\uv\python\cpython-3.11-windows-x86_64-none\Lib\threading.py", line 1045, in _bootstrap_inner
    self.run()
    self.run()
  File "C:\Users\xenoa\AppData\Roaming\uv\python\cpython-3.11-windows-x86_64-none\Lib\threading.py", line 982, in run
  File "C:\Users\xenoa\AppData\Roaming\uv\python\cpython-3.11-windows-x86_64-none\Lib\threading.py", line 982, in run
    self.run()
    self._target(*self._args, **self._kwargs)
  File "C:\Users\xenoa\AppData\Roaming\uv\python\cpython-3.11-windows-x86_64-none\Lib\threading.py", line 982, in run
    self._target(*self._args, **self._kwargs)
TypeError: main.<locals>.synth_worker() missing 1 required positional argument: 'wid'
TypeError: main.<locals>.synth_worker() missing 1 required positional argument: 'wid'
    self._target(*self._args, **self._kwargs)
TypeError: main.<locals>.synth_worker() missing 1 required positional argument: 'wid'
Exception in thread Thread-8 (synth_worker):
Traceback (most recent call last):
Exception in thread Thread-9 (synth_worker):
Traceback (most recent call last):
  File "C:\Users\xenoa\AppData\Roaming\uv\python\cpython-3.11-windows-x86_64-none\Lib\threading.py", line 1045, in _bootstrap_inner
  File "C:\Users\xenoa\AppData\Roaming\uv\python\cpython-3.11-windows-x86_64-none\Lib\threading.py", line 1045, in _bootstrap_inner
Exception in thread Thread-10 (synth_worker):
Traceback (most recent call last):
  File "C:\Users\xenoa\AppData\Roaming\uv\python\cpython-3.11-windows-x86_64-none\Lib\threading.py", line 1045, in _bootstrap_inner
    self.run()
    self.run()
  File "C:\Users\xenoa\AppData\Roaming\uv\python\cpython-3.11-windows-x86_64-none\Lib\threading.py", line 982, in run
  File "C:\Users\xenoa\AppData\Roaming\uv\python\cpython-3.11-windows-x86_64-none\Lib\threading.py", line 982, in run
    self.run()
    self._target(*self._args, **self._kwargs)
    self._target(*self._args, **self._kwargs)
TypeError: main.<locals>.synth_worker() missing 1 required positional argument: 'wid'
TypeError: main.<locals>.synth_worker() missing 1 required positional argument: 'wid'
  File "C:\Users\xenoa\AppData\Roaming\uv\python\cpython-3.11-windows-x86_64-none\Lib\threading.py", line 982, in run
    self._target(*self._args, **self._kwargs)
TypeError: main.<locals>.synth_worker() missing 1 required positional argument: 'wid'
Exception in thread Thread-11 (synth_worker):
Traceback (most recent call last):
Exception in thread Thread-12 (synth_worker):
Traceback (most recent call last):
  File "C:\Users\xenoa\AppData\Roaming\uv\python\cpython-3.11-windows-x86_64-none\Lib\threading.py", line 1045, in _bootstrap_inner
  File "C:\Users\xenoa\AppData\Roaming\uv\python\cpython-3.11-windows-x86_64-none\Lib\threading.py", line 1045, in _bootstrap_inner
Exception in thread Thread-13 (synth_worker):
    self.run()
Traceback (most recent call last):
  File "C:\Users\xenoa\AppData\Roaming\uv\python\cpython-3.11-windows-x86_64-none\Lib\threading.py", line 982, in run
  File "C:\Users\xenoa\AppData\Roaming\uv\python\cpython-3.11-windows-x86_64-none\Lib\threading.py", line 1045, in _bootstrap_inner
    self.run()
    self.run()
  File "C:\Users\xenoa\AppData\Roaming\uv\python\cpython-3.11-windows-x86_64-none\Lib\threading.py", line 982, in run
  File "C:\Users\xenoa\AppData\Roaming\uv\python\cpython-3.11-windows-x86_64-none\Lib\threading.py", line 982, in run
    self._target(*self._args, **self._kwargs)
TypeError: main.<locals>.synth_worker() missing 1 required positional argument: 'wid'
    self._target(*self._args, **self._kwargs)
    self._target(*self._args, **self._kwargs)
TypeError: main.<locals>.synth_worker() missing 1 required positional argument: 'wid'
TypeError: main.<locals>.synth_worker() missing 1 required positional argument: 'wid'
Exception in thread Thread-14 (synth_worker):
Exception in thread Thread-15 (synth_worker):
Traceback (most recent call last):
  File "C:\Users\xenoa\AppData\Roaming\uv\python\cpython-3.11-windows-x86_64-none\Lib\threading.py", line 1045, in _bootstrap_inner
Traceback (most recent call last):
Exception in thread Thread-16 (synth_worker):
  File "C:\Users\xenoa\AppData\Roaming\uv\python\cpython-3.11-windows-x86_64-none\Lib\threading.py", line 1045, in _bootstrap_inner
Traceback (most recent call last):
    self.run()
  File "C:\Users\xenoa\AppData\Roaming\uv\python\cpython-3.11-windows-x86_64-none\Lib\threading.py", line 1045, in _bootstrap_inner
  File "C:\Users\xenoa\AppData\Roaming\uv\python\cpython-3.11-windows-x86_64-none\Lib\threading.py", line 982, in run
    self.run()
  File "C:\Users\xenoa\AppData\Roaming\uv\python\cpython-3.11-windows-x86_64-none\Lib\threading.py", line 982, in run
    self.run()
    self._target(*self._args, **self._kwargs)
  File "C:\Users\xenoa\AppData\Roaming\uv\python\cpython-3.11-windows-x86_64-none\Lib\threading.py", line 982, in run
TypeError: main.<locals>.synth_worker() missing 1 required positional argument: 'wid'
    self._target(*self._args, **self._kwargs)
    self._target(*self._args, **self._kwargs)
TypeError: main.<locals>.synth_worker() missing 1 required positional argument: 'wid'
TypeError: main.<locals>.synth_worker() missing 1 required positional argument: 'wid'
Exception in thread Thread-17 (synth_worker):
Exception in thread Thread-18 (synth_worker):
Traceback (most recent call last):
  File "C:\Users\xenoa\AppData\Roaming\uv\python\cpython-3.11-windows-x86_64-none\Lib\threading.py", line 1045, in _bootstrap_inner
Traceback (most recent call last):
Exception in thread Thread-19 (synth_worker):
  File "C:\Users\xenoa\AppData\Roaming\uv\python\cpython-3.11-windows-x86_64-none\Lib\threading.py", line 1045, in _bootstrap_inner
    self.run()
Traceback (most recent call last):
  File "C:\Users\xenoa\AppData\Roaming\uv\python\cpython-3.11-windows-x86_64-none\Lib\threading.py", line 982, in run
    self.run()
  File "C:\Users\xenoa\AppData\Roaming\uv\python\cpython-3.11-windows-x86_64-none\Lib\threading.py", line 1045, in _bootstrap_inner
    self._target(*self._args, **self._kwargs)
  File "C:\Users\xenoa\AppData\Roaming\uv\python\cpython-3.11-windows-x86_64-none\Lib\threading.py", line 982, in run
TypeError: main.<locals>.synth_worker() missing 1 required positional argument: 'wid'
    self.run()
  File "C:\Users\xenoa\AppData\Roaming\uv\python\cpython-3.11-windows-x86_64-none\Lib\threading.py", line 982, in run
    self._target(*self._args, **self._kwargs)
TypeError: main.<locals>.synth_worker() missing 1 required positional argument: 'wid'
    self._target(*self._args, **self._kwargs)
TypeError: main.<locals>.synth_worker() missing 1 required positional argument: 'wid'
Exception in thread Thread-20 (synth_worker):
Exception in thread Thread-21 (synth_worker):
Traceback (most recent call last):
  File "C:\Users\xenoa\AppData\Roaming\uv\python\cpython-3.11-windows-x86_64-none\Lib\threading.py", line 1045, in _bootstrap_inner
Traceback (most recent call last):
Exception in thread Thread-22 (synth_worker):
  File "C:\Users\xenoa\AppData\Roaming\uv\python\cpython-3.11-windows-x86_64-none\Lib\threading.py", line 1045, in _bootstrap_inner
    self.run()
  File "C:\Users\xenoa\AppData\Roaming\uv\python\cpython-3.11-windows-x86_64-none\Lib\threading.py", line 982, in run
Traceback (most recent call last):
  File "C:\Users\xenoa\AppData\Roaming\uv\python\cpython-3.11-windows-x86_64-none\Lib\threading.py", line 1045, in _bootstrap_inner
    self._target(*self._args, **self._kwargs)
    self.run()
TypeError: main.<locals>.synth_worker() missing 1 required positional argument: 'wid'
    self.run()
  File "C:\Users\xenoa\AppData\Roaming\uv\python\cpython-3.11-windows-x86_64-none\Lib\threading.py", line 982, in run
  File "C:\Users\xenoa\AppData\Roaming\uv\python\cpython-3.11-windows-x86_64-none\Lib\threading.py", line 982, in run
    self._target(*self._args, **self._kwargs)
TypeError: main.<locals>.synth_worker() missing 1 required positional argument: 'wid'
    self._target(*self._args, **self._kwargs)
TypeError: main.<locals>.synth_worker() missing 1 required positional argument: 'wid'
Exception in thread Thread-23 (synth_worker):
Exception in thread Thread-24 (synth_worker):
Traceback (most recent call last):
Traceback (most recent call last):
  File "C:\Users\xenoa\AppData\Roaming\uv\python\cpython-3.11-windows-x86_64-none\Lib\threading.py", line 1045, in _bootstrap_inner
  File "C:\Users\xenoa\AppData\Roaming\uv\python\cpython-3.11-windows-x86_64-none\Lib\threading.py", line 1045, in _bootstrap_inner
Exception in thread Thread-25 (synth_worker):
    self.run()
Traceback (most recent call last):
    self.run()
  File "C:\Users\xenoa\AppData\Roaming\uv\python\cpython-3.11-windows-x86_64-none\Lib\threading.py", line 1045, in _bootstrap_inner
  File "C:\Users\xenoa\AppData\Roaming\uv\python\cpython-3.11-windows-x86_64-none\Lib\threading.py", line 982, in run
  File "C:\Users\xenoa\AppData\Roaming\uv\python\cpython-3.11-windows-x86_64-none\Lib\threading.py", line 982, in run
    self.run()
    self._target(*self._args, **self._kwargs)
    self._target(*self._args, **self._kwargs)
TypeError: main.<locals>.synth_worker() missing 1 required positional argument: 'wid'
TypeError: main.<locals>.synth_worker() missing 1 required positional argument: 'wid'
  File "C:\Users\xenoa\AppData\Roaming\uv\python\cpython-3.11-windows-x86_64-none\Lib\threading.py", line 982, in run
    self._target(*self._args, **self._kwargs)
TypeError: main.<locals>.synth_worker() missing 1 required positional argument: 'wid'
Exception in thread Thread-26 (synth_worker):
Traceback (most recent call last):
Exception in thread Thread-27 (synth_worker):
Exception in thread Thread-28 (synth_worker):
  File "C:\Users\xenoa\AppData\Roaming\uv\python\cpython-3.11-windows-x86_64-none\Lib\threading.py", line 1045, in _bootstrap_inner
Traceback (most recent call last):
  File "C:\Users\xenoa\AppData\Roaming\uv\python\cpython-3.11-windows-x86_64-none\Lib\threading.py", line 1045, in _bootstrap_inner
Traceback (most recent call last):
  File "C:\Users\xenoa\AppData\Roaming\uv\python\cpython-3.11-windows-x86_64-none\Lib\threading.py", line 1045, in _bootstrap_inner
    self.run()
  File "C:\Users\xenoa\AppData\Roaming\uv\python\cpython-3.11-windows-x86_64-none\Lib\threading.py", line 982, in run
    self.run()
    self.run()
  File "C:\Users\xenoa\AppData\Roaming\uv\python\cpython-3.11-windows-x86_64-none\Lib\threading.py", line 982, in run
  File "C:\Users\xenoa\AppData\Roaming\uv\python\cpython-3.11-windows-x86_64-none\Lib\threading.py", line 982, in run
    self._target(*self._args, **self._kwargs)
    self._target(*self._args, **self._kwargs)
    self._target(*self._args, **self._kwargs)
TypeError: main.<locals>.synth_worker() missing 1 required positional argument: 'wid'
TypeError: main.<locals>.synth_worker() missing 1 required positional argument: 'wid'
TypeError: main.<locals>.synth_worker() missing 1 required positional argument: 'wid'
Exception in thread Thread-29 (synth_worker):
Traceback (most recent call last):
  File "C:\Users\xenoa\AppData\Roaming\uv\python\cpython-3.11-windows-x86_64-none\Lib\threading.py", line 1045, in _bootstrap_inner
Exception in thread Thread-30 (synth_worker):
Traceback (most recent call last):
Exception in thread Thread-31 (synth_worker):
  File "C:\Users\xenoa\AppData\Roaming\uv\python\cpython-3.11-windows-x86_64-none\Lib\threading.py", line 1045, in _bootstrap_inner
Traceback (most recent call last):
    self.run()
  File "C:\Users\xenoa\AppData\Roaming\uv\python\cpython-3.11-windows-x86_64-none\Lib\threading.py", line 1045, in _bootstrap_inner
  File "C:\Users\xenoa\AppData\Roaming\uv\python\cpython-3.11-windows-x86_64-none\Lib\threading.py", line 982, in run
    self.run()
    self.run()
  File "C:\Users\xenoa\AppData\Roaming\uv\python\cpython-3.11-windows-x86_64-none\Lib\threading.py", line 982, in run
    self._target(*self._args, **self._kwargs)
  File "C:\Users\xenoa\AppData\Roaming\uv\python\cpython-3.11-windows-x86_64-none\Lib\threading.py", line 982, in run
TypeError: main.<locals>.synth_worker() missing 1 required positional argument: 'wid'
    self._target(*self._args, **self._kwargs)
    self._target(*self._args, **self._kwargs)
TypeError: main.<locals>.synth_worker() missing 1 required positional argument: 'wid'
TypeError: main.<locals>.synth_worker() missing 1 required positional argument: 'wid'
Exception in thread Thread-32 (synth_worker):
Traceback (most recent call last):
  File "C:\Users\xenoa\AppData\Roaming\uv\python\cpython-3.11-windows-x86_64-none\Lib\threading.py", line 1045, in _bootstrap_inner
Exception in thread Thread-33 (synth_worker):
Traceback (most recent call last):
Exception in thread Thread-34 (synth_worker):
Traceback (most recent call last):
    self.run()
  File "C:\Users\xenoa\AppData\Roaming\uv\python\cpython-3.11-windows-x86_64-none\Lib\threading.py", line 1045, in _bootstrap_inner
  File "C:\Users\xenoa\AppData\Roaming\uv\python\cpython-3.11-windows-x86_64-none\Lib\threading.py", line 982, in run
    self.run()
  File "C:\Users\xenoa\AppData\Roaming\uv\python\cpython-3.11-windows-x86_64-none\Lib\threading.py", line 982, in run
  File "C:\Users\xenoa\AppData\Roaming\uv\python\cpython-3.11-windows-x86_64-none\Lib\threading.py", line 1045, in _bootstrap_inner
    self._target(*self._args, **self._kwargs)
    self._target(*self._args, **self._kwargs)
TypeError: main.<locals>.synth_worker() missing 1 required positional argument: 'wid'
TypeError: main.<locals>.synth_worker() missing 1 required positional argument: 'wid'
    self.run()
  File "C:\Users\xenoa\AppData\Roaming\uv\python\cpython-3.11-windows-x86_64-none\Lib\threading.py", line 982, in run
    self._target(*self._args, **self._kwargs)
TypeError: main.<locals>.synth_worker() missing 1 required positional argument: 'wid'
Exception in thread Thread-35 (synth_worker):
Traceback (most recent call last):
  File "C:\Users\xenoa\AppData\Roaming\uv\python\cpython-3.11-windows-x86_64-none\Lib\threading.py", line 1045, in _bootstrap_inner
Exception in thread Thread-37 (synth_worker):
Exception in thread Thread-36 (synth_worker):
    self.run()
Traceback (most recent call last):
  File "C:\Users\xenoa\AppData\Roaming\uv\python\cpython-3.11-windows-x86_64-none\Lib\threading.py", line 982, in run
  File "C:\Users\xenoa\AppData\Roaming\uv\python\cpython-3.11-windows-x86_64-none\Lib\threading.py", line 1045, in _bootstrap_inner
Traceback (most recent call last):
  File "C:\Users\xenoa\AppData\Roaming\uv\python\cpython-3.11-windows-x86_64-none\Lib\threading.py", line 1045, in _bootstrap_inner
    self._target(*self._args, **self._kwargs)
TypeError: main.<locals>.synth_worker() missing 1 required positional argument: 'wid'
    self.run()
    self.run()
  File "C:\Users\xenoa\AppData\Roaming\uv\python\cpython-3.11-windows-x86_64-none\Lib\threading.py", line 982, in run
  File "C:\Users\xenoa\AppData\Roaming\uv\python\cpython-3.11-windows-x86_64-none\Lib\threading.py", line 982, in run
    self._target(*self._args, **self._kwargs)
TypeError: main.<locals>.synth_worker() missing 1 required positional argument: 'wid'
    self._target(*self._args, **self._kwargs)
TypeError: main.<locals>.synth_worker() missing 1 required positional argument: 'wid'
Exception in thread Thread-38 (synth_worker):
Exception in thread Thread-39 (synth_worker):
Traceback (most recent call last):
Traceback (most recent call last):
  File "C:\Users\xenoa\AppData\Roaming\uv\python\cpython-3.11-windows-x86_64-none\Lib\threading.py", line 1045, in _bootstrap_inner
  File "C:\Users\xenoa\AppData\Roaming\uv\python\cpython-3.11-windows-x86_64-none\Lib\threading.py", line 1045, in _bootstrap_inner
Exception in thread Thread-40 (synth_worker):
Traceback (most recent call last):
    self.run()
  File "C:\Users\xenoa\AppData\Roaming\uv\python\cpython-3.11-windows-x86_64-none\Lib\threading.py", line 1045, in _bootstrap_inner
  File "C:\Users\xenoa\AppData\Roaming\uv\python\cpython-3.11-windows-x86_64-none\Lib\threading.py", line 982, in run
    self.run()
    self.run()
    self._target(*self._args, **self._kwargs)
  File "C:\Users\xenoa\AppData\Roaming\uv\python\cpython-3.11-windows-x86_64-none\Lib\threading.py", line 982, in run
TypeError: main.<locals>.synth_worker() missing 1 required positional argument: 'wid'
  File "C:\Users\xenoa\AppData\Roaming\uv\python\cpython-3.11-windows-x86_64-none\Lib\threading.py", line 982, in run
    self._target(*self._args, **self._kwargs)
TypeError: main.<locals>.synth_worker() missing 1 required positional argument: 'wid'
    self._target(*self._args, **self._kwargs)
TypeError: main.<locals>.synth_worker() missing 1 required positional argument: 'wid'
Exception in thread Thread-41 (synth_worker):
Exception in thread Thread-42 (synth_worker):
Traceback (most recent call last):
Traceback (most recent call last):
  File "C:\Users\xenoa\AppData\Roaming\uv\python\cpython-3.11-windows-x86_64-none\Lib\threading.py", line 1045, in _bootstrap_inner
  File "C:\Users\xenoa\AppData\Roaming\uv\python\cpython-3.11-windows-x86_64-none\Lib\threading.py", line 1045, in _bootstrap_inner
Exception in thread Thread-43 (synth_worker):
Traceback (most recent call last):
    self.run()
  File "C:\Users\xenoa\AppData\Roaming\uv\python\cpython-3.11-windows-x86_64-none\Lib\threading.py", line 1045, in _bootstrap_inner
  File "C:\Users\xenoa\AppData\Roaming\uv\python\cpython-3.11-windows-x86_64-none\Lib\threading.py", line 982, in run
    self.run()
    self.run()
  File "C:\Users\xenoa\AppData\Roaming\uv\python\cpython-3.11-windows-x86_64-none\Lib\threading.py", line 982, in run
  File "C:\Users\xenoa\AppData\Roaming\uv\python\cpython-3.11-windows-x86_64-none\Lib\threading.py", line 982, in run
    self._target(*self._args, **self._kwargs)
    self._target(*self._args, **self._kwargs)
TypeError: main.<locals>.synth_worker() missing 1 required positional argument: 'wid'
TypeError: main.<locals>.synth_worker() missing 1 required positional argument: 'wid'
    self._target(*self._args, **self._kwargs)
TypeError: main.<locals>.synth_worker() missing 1 required positional argument: 'wid'
Exception in thread Thread-44 (synth_worker):
Exception in thread Thread-45 (synth_worker):
Traceback (most recent call last):
Traceback (most recent call last):
  File "C:\Users\xenoa\AppData\Roaming\uv\python\cpython-3.11-windows-x86_64-none\Lib\threading.py", line 1045, in _bootstrap_inner
Exception in thread Thread-46 (synth_worker):
Traceback (most recent call last):
  File "C:\Users\xenoa\AppData\Roaming\uv\python\cpython-3.11-windows-x86_64-none\Lib\threading.py", line 1045, in _bootstrap_inner
  File "C:\Users\xenoa\AppData\Roaming\uv\python\cpython-3.11-windows-x86_64-none\Lib\threading.py", line 1045, in _bootstrap_inner
    self.run()
    self.run()
  File "C:\Users\xenoa\AppData\Roaming\uv\python\cpython-3.11-windows-x86_64-none\Lib\threading.py", line 982, in run
  File "C:\Users\xenoa\AppData\Roaming\uv\python\cpython-3.11-windows-x86_64-none\Lib\threading.py", line 982, in run
    self.run()
    self._target(*self._args, **self._kwargs)
  File "C:\Users\xenoa\AppData\Roaming\uv\python\cpython-3.11-windows-x86_64-none\Lib\threading.py", line 982, in run
    self._target(*self._args, **self._kwargs)
TypeError: main.<locals>.synth_worker() missing 1 required positional argument: 'wid'
TypeError: main.<locals>.synth_worker() missing 1 required positional argument: 'wid'
    self._target(*self._args, **self._kwargs)
TypeError: main.<locals>.synth_worker() missing 1 required positional argument: 'wid'
Exception in thread Thread-47 (synth_worker):
Traceback (most recent call last):
Exception in thread Thread-48 (synth_worker):
Traceback (most recent call last):
  File "C:\Users\xenoa\AppData\Roaming\uv\python\cpython-3.11-windows-x86_64-none\Lib\threading.py", line 1045, in _bootstrap_inner
Exception in thread Thread-49 (synth_worker):
Traceback (most recent call last):
  File "C:\Users\xenoa\AppData\Roaming\uv\python\cpython-3.11-windows-x86_64-none\Lib\threading.py", line 1045, in _bootstrap_inner
  File "C:\Users\xenoa\AppData\Roaming\uv\python\cpython-3.11-windows-x86_64-none\Lib\threading.py", line 1045, in _bootstrap_inner
    self.run()
    self.run()
  File "C:\Users\xenoa\AppData\Roaming\uv\python\cpython-3.11-windows-x86_64-none\Lib\threading.py", line 982, in run
  File "C:\Users\xenoa\AppData\Roaming\uv\python\cpython-3.11-windows-x86_64-none\Lib\threading.py", line 982, in run
    self.run()
    self._target(*self._args, **self._kwargs)
  File "C:\Users\xenoa\AppData\Roaming\uv\python\cpython-3.11-windows-x86_64-none\Lib\threading.py", line 982, in run
TypeError: main.<locals>.synth_worker() missing 1 required positional argument: 'wid'
    self._target(*self._args, **self._kwargs)
TypeError: main.<locals>.synth_worker() missing 1 required positional argument: 'wid'
    self._target(*self._args, **self._kwargs)
TypeError: main.<locals>.synth_worker() missing 1 required positional argument: 'wid'
Exception in thread Thread-50 (synth_worker):
Traceback (most recent call last):
Exception in thread Thread-51 (synth_worker):
Traceback (most recent call last):
  File "C:\Users\xenoa\AppData\Roaming\uv\python\cpython-3.11-windows-x86_64-none\Lib\threading.py", line 1045, in _bootstrap_inner
  File "C:\Users\xenoa\AppData\Roaming\uv\python\cpython-3.11-windows-x86_64-none\Lib\threading.py", line 1045, in _bootstrap_inner
Exception in thread Thread-52 (synth_worker):
Traceback (most recent call last):
  File "C:\Users\xenoa\AppData\Roaming\uv\python\cpython-3.11-windows-x86_64-none\Lib\threading.py", line 1045, in _bootstrap_inner
    self.run()
    self.run()
  File "C:\Users\xenoa\AppData\Roaming\uv\python\cpython-3.11-windows-x86_64-none\Lib\threading.py", line 982, in run
  File "C:\Users\xenoa\AppData\Roaming\uv\python\cpython-3.11-windows-x86_64-none\Lib\threading.py", line 982, in run
    self.run()
    self._target(*self._args, **self._kwargs)
  File "C:\Users\xenoa\AppData\Roaming\uv\python\cpython-3.11-windows-x86_64-none\Lib\threading.py", line 982, in run
TypeError: main.<locals>.synth_worker() missing 1 required positional argument: 'wid'
    self._target(*self._args, **self._kwargs)
    self._target(*self._args, **self._kwargs)
TypeError: main.<locals>.synth_worker() missing 1 required positional argument: 'wid'
TypeError: main.<locals>.synth_worker() missing 1 required positional argument: 'wid'
Exception in thread Thread-53 (synth_worker):
Exception in thread Thread-54 (synth_worker):
Traceback (most recent call last):
Traceback (most recent call last):
  File "C:\Users\xenoa\AppData\Roaming\uv\python\cpython-3.11-windows-x86_64-none\Lib\threading.py", line 1045, in _bootstrap_inner
  File "C:\Users\xenoa\AppData\Roaming\uv\python\cpython-3.11-windows-x86_64-none\Lib\threading.py", line 1045, in _bootstrap_inner
Exception in thread Thread-55 (synth_worker):
Traceback (most recent call last):
  File "C:\Users\xenoa\AppData\Roaming\uv\python\cpython-3.11-windows-x86_64-none\Lib\threading.py", line 1045, in _bootstrap_inner
    self.run()
    self.run()
  File "C:\Users\xenoa\AppData\Roaming\uv\python\cpython-3.11-windows-x86_64-none\Lib\threading.py", line 982, in run
  File "C:\Users\xenoa\AppData\Roaming\uv\python\cpython-3.11-windows-x86_64-none\Lib\threading.py", line 982, in run
    self.run()
    self._target(*self._args, **self._kwargs)
TypeError: main.<locals>.synth_worker() missing 1 required positional argument: 'wid'
  File "C:\Users\xenoa\AppData\Roaming\uv\python\cpython-3.11-windows-x86_64-none\Lib\threading.py", line 982, in run
    self._target(*self._args, **self._kwargs)
TypeError: main.<locals>.synth_worker() missing 1 required positional argument: 'wid'
    self._target(*self._args, **self._kwargs)
TypeError: main.<locals>.synth_worker() missing 1 required positional argument: 'wid'
Exception in thread Thread-56 (synth_worker):
Traceback (most recent call last):
  File "C:\Users\xenoa\AppData\Roaming\uv\python\cpython-3.11-windows-x86_64-none\Lib\threading.py", line 1045, in _bootstrap_inner
Exception in thread Thread-57 (synth_worker):
Traceback (most recent call last):
Exception in thread Thread-58 (synth_worker):
  File "C:\Users\xenoa\AppData\Roaming\uv\python\cpython-3.11-windows-x86_64-none\Lib\threading.py", line 1045, in _bootstrap_inner
Traceback (most recent call last):
    self.run()
  File "C:\Users\xenoa\AppData\Roaming\uv\python\cpython-3.11-windows-x86_64-none\Lib\threading.py", line 982, in run
    self.run()
  File "C:\Users\xenoa\AppData\Roaming\uv\python\cpython-3.11-windows-x86_64-none\Lib\threading.py", line 982, in run
  File "C:\Users\xenoa\AppData\Roaming\uv\python\cpython-3.11-windows-x86_64-none\Lib\threading.py", line 1045, in _bootstrap_inner
    self._target(*self._args, **self._kwargs)
TypeError: main.<locals>.synth_worker() missing 1 required positional argument: 'wid'
    self._target(*self._args, **self._kwargs)
TypeError: main.<locals>.synth_worker() missing 1 required positional argument: 'wid'
    self.run()
  File "C:\Users\xenoa\AppData\Roaming\uv\python\cpython-3.11-windows-x86_64-none\Lib\threading.py", line 982, in run
    self._target(*self._args, **self._kwargs)
TypeError: main.<locals>.synth_worker() missing 1 required positional argument: 'wid'
Exception in thread Thread-59 (synth_worker):
Exception in thread Thread-60 (synth_worker):
Traceback (most recent call last):
Traceback (most recent call last):
  File "C:\Users\xenoa\AppData\Roaming\uv\python\cpython-3.11-windows-x86_64-none\Lib\threading.py", line 1045, in _bootstrap_inner
  File "C:\Users\xenoa\AppData\Roaming\uv\python\cpython-3.11-windows-x86_64-none\Lib\threading.py", line 1045, in _bootstrap_inner
Exception in thread Thread-61 (synth_worker):
Traceback (most recent call last):
  File "C:\Users\xenoa\AppData\Roaming\uv\python\cpython-3.11-windows-x86_64-none\Lib\threading.py", line 1045, in _bootstrap_inner
    self.run()
    self.run()
  File "C:\Users\xenoa\AppData\Roaming\uv\python\cpython-3.11-windows-x86_64-none\Lib\threading.py", line 982, in run
  File "C:\Users\xenoa\AppData\Roaming\uv\python\cpython-3.11-windows-x86_64-none\Lib\threading.py", line 982, in run
    self.run()
  File "C:\Users\xenoa\AppData\Roaming\uv\python\cpython-3.11-windows-x86_64-none\Lib\threading.py", line 982, in run
    self._target(*self._args, **self._kwargs)
    self._target(*self._args, **self._kwargs)
TypeError: main.<locals>.synth_worker() missing 1 required positional argument: 'wid'
    self._target(*self._args, **self._kwargs)
TypeError: main.<locals>.synth_worker() missing 1 required positional argument: 'wid'
TypeError: main.<locals>.synth_worker() missing 1 required positional argument: 'wid'
Exception in thread Thread-62 (synth_worker):
Traceback (most recent call last):
Exception in thread Thread-63 (synth_worker):
Traceback (most recent call last):
  File "C:\Users\xenoa\AppData\Roaming\uv\python\cpython-3.11-windows-x86_64-none\Lib\threading.py", line 1045, in _bootstrap_inner
Exception in thread Thread-64 (synth_worker):
Traceback (most recent call last):
  File "C:\Users\xenoa\AppData\Roaming\uv\python\cpython-3.11-windows-x86_64-none\Lib\threading.py", line 1045, in _bootstrap_inner
  File "C:\Users\xenoa\AppData\Roaming\uv\python\cpython-3.11-windows-x86_64-none\Lib\threading.py", line 1045, in _bootstrap_inner
    self.run()
    self.run()
  File "C:\Users\xenoa\AppData\Roaming\uv\python\cpython-3.11-windows-x86_64-none\Lib\threading.py", line 982, in run
  File "C:\Users\xenoa\AppData\Roaming\uv\python\cpython-3.11-windows-x86_64-none\Lib\threading.py", line 982, in run
    self.run()
    self._target(*self._args, **self._kwargs)
  File "C:\Users\xenoa\AppData\Roaming\uv\python\cpython-3.11-windows-x86_64-none\Lib\threading.py", line 982, in run
TypeError: main.<locals>.synth_worker() missing 1 required positional argument: 'wid'
    self._target(*self._args, **self._kwargs)
TypeError: main.<locals>.synth_worker() missing 1 required positional argument: 'wid'
    self._target(*self._args, **self._kwargs)
TypeError: main.<locals>.synth_worker() missing 1 required positional argument: 'wid'
Exception in thread Thread-65 (synth_worker):
Traceback (most recent call last):
Exception in thread Thread-66 (synth_worker):
  File "C:\Users\xenoa\AppData\Roaming\uv\python\cpython-3.11-windows-x86_64-none\Lib\threading.py", line 1045, in _bootstrap_inner
Traceback (most recent call last):
  File "C:\Users\xenoa\AppData\Roaming\uv\python\cpython-3.11-windows-x86_64-none\Lib\threading.py", line 1045, in _bootstrap_inner
Exception in thread Thread-67 (synth_worker):
Traceback (most recent call last):
    self.run()
  File "C:\Users\xenoa\AppData\Roaming\uv\python\cpython-3.11-windows-x86_64-none\Lib\threading.py", line 1045, in _bootstrap_inner
  File "C:\Users\xenoa\AppData\Roaming\uv\python\cpython-3.11-windows-x86_64-none\Lib\threading.py", line 982, in run
    self.run()
  File "C:\Users\xenoa\AppData\Roaming\uv\python\cpython-3.11-windows-x86_64-none\Lib\threading.py", line 982, in run
    self.run()
    self._target(*self._args, **self._kwargs)
  File "C:\Users\xenoa\AppData\Roaming\uv\python\cpython-3.11-windows-x86_64-none\Lib\threading.py", line 982, in run
    self._target(*self._args, **self._kwargs)
TypeError: main.<locals>.synth_worker() missing 1 required positional argument: 'wid'
TypeError: main.<locals>.synth_worker() missing 1 required positional argument: 'wid'
    self._target(*self._args, **self._kwargs)
TypeError: main.<locals>.synth_worker() missing 1 required positional argument: 'wid'
Exception in thread Thread-68 (synth_worker):
Exception in thread Thread-69 (synth_worker):
Traceback (most recent call last):
  File "C:\Users\xenoa\AppData\Roaming\uv\python\cpython-3.11-windows-x86_64-none\Lib\threading.py", line 1045, in _bootstrap_inner
Traceback (most recent call last):
Exception in thread Thread-70 (synth_worker):
    self.run()
Traceback (most recent call last):
  File "C:\Users\xenoa\AppData\Roaming\uv\python\cpython-3.11-windows-x86_64-none\Lib\threading.py", line 982, in run
  File "C:\Users\xenoa\AppData\Roaming\uv\python\cpython-3.11-windows-x86_64-none\Lib\threading.py", line 1045, in _bootstrap_inner
  File "C:\Users\xenoa\AppData\Roaming\uv\python\cpython-3.11-windows-x86_64-none\Lib\threading.py", line 1045, in _bootstrap_inner
    self._target(*self._args, **self._kwargs)
    self.run()
TypeError: main.<locals>.synth_worker() missing 1 required positional argument: 'wid'
  File "C:\Users\xenoa\AppData\Roaming\uv\python\cpython-3.11-windows-x86_64-none\Lib\threading.py", line 982, in run
    self.run()
  File "C:\Users\xenoa\AppData\Roaming\uv\python\cpython-3.11-windows-x86_64-none\Lib\threading.py", line 982, in run
    self._target(*self._args, **self._kwargs)
TypeError: main.<locals>.synth_worker() missing 1 required positional argument: 'wid'
    self._target(*self._args, **self._kwargs)
TypeError: main.<locals>.synth_worker() missing 1 required positional argument: 'wid'
Exception in thread Thread-71 (synth_worker):
Traceback (most recent call last):
Exception in thread Thread-72 (synth_worker):
  File "C:\Users\xenoa\AppData\Roaming\uv\python\cpython-3.11-windows-x86_64-none\Lib\threading.py", line 1045, in _bootstrap_inner
Traceback (most recent call last):
Exception in thread Thread-73 (synth_worker):
  File "C:\Users\xenoa\AppData\Roaming\uv\python\cpython-3.11-windows-x86_64-none\Lib\threading.py", line 1045, in _bootstrap_inner
Traceback (most recent call last):
    self.run()
  File "C:\Users\xenoa\AppData\Roaming\uv\python\cpython-3.11-windows-x86_64-none\Lib\threading.py", line 1045, in _bootstrap_inner
    self.run()
  File "C:\Users\xenoa\AppData\Roaming\uv\python\cpython-3.11-windows-x86_64-none\Lib\threading.py", line 982, in run
  File "C:\Users\xenoa\AppData\Roaming\uv\python\cpython-3.11-windows-x86_64-none\Lib\threading.py", line 982, in run
    self.run()
    self._target(*self._args, **self._kwargs)
  File "C:\Users\xenoa\AppData\Roaming\uv\python\cpython-3.11-windows-x86_64-none\Lib\threading.py", line 982, in run
TypeError: main.<locals>.synth_worker() missing 1 required positional argument: 'wid'
    self._target(*self._args, **self._kwargs)
    self._target(*self._args, **self._kwargs)
TypeError: main.<locals>.synth_worker() missing 1 required positional argument: 'wid'
TypeError: main.<locals>.synth_worker() missing 1 required positional argument: 'wid'
Exception in thread Thread-74 (synth_worker):
Exception in thread Thread-75 (synth_worker):
Traceback (most recent call last):
  File "C:\Users\xenoa\AppData\Roaming\uv\python\cpython-3.11-windows-x86_64-none\Lib\threading.py", line 1045, in _bootstrap_inner
Exception in thread Thread-76 (synth_worker):
Traceback (most recent call last):
  File "C:\Users\xenoa\AppData\Roaming\uv\python\cpython-3.11-windows-x86_64-none\Lib\threading.py", line 1045, in _bootstrap_inner
    self.run()
Traceback (most recent call last):
  File "C:\Users\xenoa\AppData\Roaming\uv\python\cpython-3.11-windows-x86_64-none\Lib\threading.py", line 1045, in _bootstrap_inner
    self.run()
  File "C:\Users\xenoa\AppData\Roaming\uv\python\cpython-3.11-windows-x86_64-none\Lib\threading.py", line 982, in run
  File "C:\Users\xenoa\AppData\Roaming\uv\python\cpython-3.11-windows-x86_64-none\Lib\threading.py", line 982, in run
    self.run()
    self._target(*self._args, **self._kwargs)
  File "C:\Users\xenoa\AppData\Roaming\uv\python\cpython-3.11-windows-x86_64-none\Lib\threading.py", line 982, in run
TypeError: main.<locals>.synth_worker() missing 1 required positional argument: 'wid'
    self._target(*self._args, **self._kwargs)
    self._target(*self._args, **self._kwargs)
TypeError: main.<locals>.synth_worker() missing 1 required positional argument: 'wid'
TypeError: main.<locals>.synth_worker() missing 1 required positional argument: 'wid'
Exception in thread Thread-77 (synth_worker):
Traceback (most recent call last):
Exception in thread Thread-79 (synth_worker):
  File "C:\Users\xenoa\AppData\Roaming\uv\python\cpython-3.11-windows-x86_64-none\Lib\threading.py", line 1045, in _bootstrap_inner
Traceback (most recent call last):
Exception in thread Thread-78 (synth_worker):
  File "C:\Users\xenoa\AppData\Roaming\uv\python\cpython-3.11-windows-x86_64-none\Lib\threading.py", line 1045, in _bootstrap_inner
Traceback (most recent call last):
    self.run()
  File "C:\Users\xenoa\AppData\Roaming\uv\python\cpython-3.11-windows-x86_64-none\Lib\threading.py", line 1045, in _bootstrap_inner
  File "C:\Users\xenoa\AppData\Roaming\uv\python\cpython-3.11-windows-x86_64-none\Lib\threading.py", line 982, in run
    self.run()
  File "C:\Users\xenoa\AppData\Roaming\uv\python\cpython-3.11-windows-x86_64-none\Lib\threading.py", line 982, in run
    self.run()
    self._target(*self._args, **self._kwargs)
  File "C:\Users\xenoa\AppData\Roaming\uv\python\cpython-3.11-windows-x86_64-none\Lib\threading.py", line 982, in run
TypeError: main.<locals>.synth_worker() missing 1 required positional argument: 'wid'
    self._target(*self._args, **self._kwargs)
    self._target(*self._args, **self._kwargs)
TypeError: main.<locals>.synth_worker() missing 1 required positional argument: 'wid'
TypeError: main.<locals>.synth_worker() missing 1 required positional argument: 'wid'
Exception in thread Thread-80 (synth_worker):
Exception in thread Thread-81 (synth_worker):
Traceback (most recent call last):
Traceback (most recent call last):
  File "C:\Users\xenoa\AppData\Roaming\uv\python\cpython-3.11-windows-x86_64-none\Lib\threading.py", line 1045, in _bootstrap_inner
  File "C:\Users\xenoa\AppData\Roaming\uv\python\cpython-3.11-windows-x86_64-none\Lib\threading.py", line 1045, in _bootstrap_inner
Exception in thread Thread-82 (synth_worker):
Traceback (most recent call last):
  File "C:\Users\xenoa\AppData\Roaming\uv\python\cpython-3.11-windows-x86_64-none\Lib\threading.py", line 1045, in _bootstrap_inner
    self.run()
    self.run()
  File "C:\Users\xenoa\AppData\Roaming\uv\python\cpython-3.11-windows-x86_64-none\Lib\threading.py", line 982, in run
    self.run()
  File "C:\Users\xenoa\AppData\Roaming\uv\python\cpython-3.11-windows-x86_64-none\Lib\threading.py", line 982, in run
  File "C:\Users\xenoa\AppData\Roaming\uv\python\cpython-3.11-windows-x86_64-none\Lib\threading.py", line 982, in run
    self._target(*self._args, **self._kwargs)
    self._target(*self._args, **self._kwargs)
TypeError: main.<locals>.synth_worker() missing 1 required positional argument: 'wid'
TypeError: main.<locals>.synth_worker() missing 1 required positional argument: 'wid'
    self._target(*self._args, **self._kwargs)
TypeError: main.<locals>.synth_worker() missing 1 required positional argument: 'wid'
Exception in thread Thread-83 (synth_worker):
Exception in thread Thread-84 (synth_worker):
Traceback (most recent call last):
Traceback (most recent call last):
  File "C:\Users\xenoa\AppData\Roaming\uv\python\cpython-3.11-windows-x86_64-none\Lib\threading.py", line 1045, in _bootstrap_inner
  File "C:\Users\xenoa\AppData\Roaming\uv\python\cpython-3.11-windows-x86_64-none\Lib\threading.py", line 1045, in _bootstrap_inner
Exception in thread Thread-85 (synth_worker):
Traceback (most recent call last):
  File "C:\Users\xenoa\AppData\Roaming\uv\python\cpython-3.11-windows-x86_64-none\Lib\threading.py", line 1045, in _bootstrap_inner
    self.run()
    self.run()
  File "C:\Users\xenoa\AppData\Roaming\uv\python\cpython-3.11-windows-x86_64-none\Lib\threading.py", line 982, in run
  File "C:\Users\xenoa\AppData\Roaming\uv\python\cpython-3.11-windows-x86_64-none\Lib\threading.py", line 982, in run
    self.run()
    self._target(*self._args, **self._kwargs)
  File "C:\Users\xenoa\AppData\Roaming\uv\python\cpython-3.11-windows-x86_64-none\Lib\threading.py", line 982, in run
    self._target(*self._args, **self._kwargs)
TypeError: main.<locals>.synth_worker() missing 1 required positional argument: 'wid'
    self._target(*self._args, **self._kwargs)
TypeError: main.<locals>.synth_worker() missing 1 required positional argument: 'wid'
TypeError: main.<locals>.synth_worker() missing 1 required positional argument: 'wid'
Exception in thread Thread-86 (synth_worker):
Traceback (most recent call last):
  File "C:\Users\xenoa\AppData\Roaming\uv\python\cpython-3.11-windows-x86_64-none\Lib\threading.py", line 1045, in _bootstrap_inner
Exception in thread Thread-88 (synth_worker):
Exception in thread Thread-87 (synth_worker):
Traceback (most recent call last):
  File "C:\Users\xenoa\AppData\Roaming\uv\python\cpython-3.11-windows-x86_64-none\Lib\threading.py", line 1045, in _bootstrap_inner
Traceback (most recent call last):
    self.run()
  File "C:\Users\xenoa\AppData\Roaming\uv\python\cpython-3.11-windows-x86_64-none\Lib\threading.py", line 982, in run
  File "C:\Users\xenoa\AppData\Roaming\uv\python\cpython-3.11-windows-x86_64-none\Lib\threading.py", line 1045, in _bootstrap_inner
    self.run()
  File "C:\Users\xenoa\AppData\Roaming\uv\python\cpython-3.11-windows-x86_64-none\Lib\threading.py", line 982, in run
    self._target(*self._args, **self._kwargs)
    self.run()
TypeError: main.<locals>.synth_worker() missing 1 required positional argument: 'wid'
  File "C:\Users\xenoa\AppData\Roaming\uv\python\cpython-3.11-windows-x86_64-none\Lib\threading.py", line 982, in run
    self._target(*self._args, **self._kwargs)
TypeError: main.<locals>.synth_worker() missing 1 required positional argument: 'wid'
    self._target(*self._args, **self._kwargs)
TypeError: main.<locals>.synth_worker() missing 1 required positional argument: 'wid'
Exception in thread Thread-89 (synth_worker):
Traceback (most recent call last):
Exception in thread Thread-91 (synth_worker):
  File "C:\Users\xenoa\AppData\Roaming\uv\python\cpython-3.11-windows-x86_64-none\Lib\threading.py", line 1045, in _bootstrap_inner
Traceback (most recent call last):
Exception in thread Thread-90 (synth_worker):
  File "C:\Users\xenoa\AppData\Roaming\uv\python\cpython-3.11-windows-x86_64-none\Lib\threading.py", line 1045, in _bootstrap_inner
Traceback (most recent call last):
    self.run()
  File "C:\Users\xenoa\AppData\Roaming\uv\python\cpython-3.11-windows-x86_64-none\Lib\threading.py", line 1045, in _bootstrap_inner
  File "C:\Users\xenoa\AppData\Roaming\uv\python\cpython-3.11-windows-x86_64-none\Lib\threading.py", line 982, in run
    self.run()
  File "C:\Users\xenoa\AppData\Roaming\uv\python\cpython-3.11-windows-x86_64-none\Lib\threading.py", line 982, in run
    self.run()
    self._target(*self._args, **self._kwargs)
  File "C:\Users\xenoa\AppData\Roaming\uv\python\cpython-3.11-windows-x86_64-none\Lib\threading.py", line 982, in run
TypeError: main.<locals>.synth_worker() missing 1 required positional argument: 'wid'
    self._target(*self._args, **self._kwargs)
TypeError: main.<locals>.synth_worker() missing 1 required positional argument: 'wid'
    self._target(*self._args, **self._kwargs)
TypeError: main.<locals>.synth_worker() missing 1 required positional argument: 'wid'
Exception in thread Thread-92 (synth_worker):
Traceback (most recent call last):
  File "C:\Users\xenoa\AppData\Roaming\uv\python\cpython-3.11-windows-x86_64-none\Lib\threading.py", line 1045, in _bootstrap_inner
Exception in thread Thread-93 (synth_worker):
Traceback (most recent call last):
  File "C:\Users\xenoa\AppData\Roaming\uv\python\cpython-3.11-windows-x86_64-none\Lib\threading.py", line 1045, in _bootstrap_inner
Exception in thread Thread-94 (synth_worker):
Traceback (most recent call last):
  File "C:\Users\xenoa\AppData\Roaming\uv\python\cpython-3.11-windows-x86_64-none\Lib\threading.py", line 1045, in _bootstrap_inner
    self.run()
  File "C:\Users\xenoa\AppData\Roaming\uv\python\cpython-3.11-windows-x86_64-none\Lib\threading.py", line 982, in run
    self.run()
  File "C:\Users\xenoa\AppData\Roaming\uv\python\cpython-3.11-windows-x86_64-none\Lib\threading.py", line 982, in run
    self.run()
    self._target(*self._args, **self._kwargs)
TypeError: main.<locals>.synth_worker() missing 1 required positional argument: 'wid'
    self._target(*self._args, **self._kwargs)
TypeError: main.<locals>.synth_worker() missing 1 required positional argument: 'wid'
  File "C:\Users\xenoa\AppData\Roaming\uv\python\cpython-3.11-windows-x86_64-none\Lib\threading.py", line 982, in run
    self._target(*self._args, **self._kwargs)
TypeError: main.<locals>.synth_worker() missing 1 required positional argument: 'wid'
Exception in thread Thread-95 (synth_worker):
Exception in thread Thread-96 (synth_worker):
Traceback (most recent call last):
Traceback (most recent call last):
  File "C:\Users\xenoa\AppData\Roaming\uv\python\cpython-3.11-windows-x86_64-none\Lib\threading.py", line 1045, in _bootstrap_inner
  File "C:\Users\xenoa\AppData\Roaming\uv\python\cpython-3.11-windows-x86_64-none\Lib\threading.py", line 1045, in _bootstrap_inner
Exception in thread Thread-97 (synth_worker):
Traceback (most recent call last):
  File "C:\Users\xenoa\AppData\Roaming\uv\python\cpython-3.11-windows-x86_64-none\Lib\threading.py", line 1045, in _bootstrap_inner
    self.run()
    self.run()
  File "C:\Users\xenoa\AppData\Roaming\uv\python\cpython-3.11-windows-x86_64-none\Lib\threading.py", line 982, in run
  File "C:\Users\xenoa\AppData\Roaming\uv\python\cpython-3.11-windows-x86_64-none\Lib\threading.py", line 982, in run
    self.run()
    self._target(*self._args, **self._kwargs)
  File "C:\Users\xenoa\AppData\Roaming\uv\python\cpython-3.11-windows-x86_64-none\Lib\threading.py", line 982, in run
    self._target(*self._args, **self._kwargs)
TypeError: main.<locals>.synth_worker() missing 1 required positional argument: 'wid'
    self._target(*self._args, **self._kwargs)
TypeError: main.<locals>.synth_worker() missing 1 required positional argument: 'wid'
TypeError: main.<locals>.synth_worker() missing 1 required positional argument: 'wid'
Exception in thread Thread-98 (synth_worker):
Traceback (most recent call last):
  File "C:\Users\xenoa\AppData\Roaming\uv\python\cpython-3.11-windows-x86_64-none\Lib\threading.py", line 1045, in _bootstrap_inner
Exception in thread Thread-99 (synth_worker):
Traceback (most recent call last):
Exception in thread Thread-100 (synth_worker):
Traceback (most recent call last):
  File "C:\Users\xenoa\AppData\Roaming\uv\python\cpython-3.11-windows-x86_64-none\Lib\threading.py", line 1045, in _bootstrap_inner
  File "C:\Users\xenoa\AppData\Roaming\uv\python\cpython-3.11-windows-x86_64-none\Lib\threading.py", line 1045, in _bootstrap_inner
    self.run()
  File "C:\Users\xenoa\AppData\Roaming\uv\python\cpython-3.11-windows-x86_64-none\Lib\threading.py", line 982, in run
    self.run()
    self.run()
    self._target(*self._args, **self._kwargs)
  File "C:\Users\xenoa\AppData\Roaming\uv\python\cpython-3.11-windows-x86_64-none\Lib\threading.py", line 982, in run
TypeError: main.<locals>.synth_worker() missing 1 required positional argument: 'wid'
  File "C:\Users\xenoa\AppData\Roaming\uv\python\cpython-3.11-windows-x86_64-none\Lib\threading.py", line 982, in run
    self._target(*self._args, **self._kwargs)
TypeError: main.<locals>.synth_worker() missing 1 required positional argument: 'wid'
    self._target(*self._args, **self._kwargs)
TypeError: main.<locals>.synth_worker() missing 1 required positional argument: 'wid'
Exception in thread Thread-101 (synth_worker):
Traceback (most recent call last):
  File "C:\Users\xenoa\AppData\Roaming\uv\python\cpython-3.11-windows-x86_64-none\Lib\threading.py", line 1045, in _bootstrap_inner
Exception in thread Thread-102 (synth_worker):
Traceback (most recent call last):
  File "C:\Users\xenoa\AppData\Roaming\uv\python\cpython-3.11-windows-x86_64-none\Lib\threading.py", line 1045, in _bootstrap_inner
    self.run()
Exception in thread Thread-103 (synth_worker):
Traceback (most recent call last):
  File "C:\Users\xenoa\AppData\Roaming\uv\python\cpython-3.11-windows-x86_64-none\Lib\threading.py", line 1045, in _bootstrap_inner
  File "C:\Users\xenoa\AppData\Roaming\uv\python\cpython-3.11-windows-x86_64-none\Lib\threading.py", line 982, in run
    self.run()
  File "C:\Users\xenoa\AppData\Roaming\uv\python\cpython-3.11-windows-x86_64-none\Lib\threading.py", line 982, in run
    self.run()
  File "C:\Users\xenoa\AppData\Roaming\uv\python\cpython-3.11-windows-x86_64-none\Lib\threading.py", line 982, in run
    self._target(*self._args, **self._kwargs)
    self._target(*self._args, **self._kwargs)
    self._target(*self._args, **self._kwargs)
TypeError: main.<locals>.synth_worker() missing 1 required positional argument: 'wid'
TypeError: main.<locals>.synth_worker() missing 1 required positional argument: 'wid'
TypeError: main.<locals>.synth_worker() missing 1 required positional argument: 'wid'
Exception in thread Thread-104 (synth_worker):
Traceback (most recent call last):
  File "C:\Users\xenoa\AppData\Roaming\uv\python\cpython-3.11-windows-x86_64-none\Lib\threading.py", line 1045, in _bootstrap_inner
    self.run()
  File "C:\Users\xenoa\AppData\Roaming\uv\python\cpython-3.11-windows-x86_64-none\Lib\threading.py", line 982, in run
    self._target(*self._args, **self._kwargs)
TypeError: main.<locals>.synth_worker() missing 1 required positional argument: 'wid'
Exception in thread Thread-105 (synth_worker):
Traceback (most recent call last):
  File "C:\Users\xenoa\AppData\Roaming\uv\python\cpython-3.11-windows-x86_64-none\Lib\threading.py", line 1045, in _bootstrap_inner
    self.run()
  File "C:\Users\xenoa\AppData\Roaming\uv\python\cpython-3.11-windows-x86_64-none\Lib\threading.py", line 982, in run
    self._target(*self._args, **self._kwargs)
TypeError: main.<locals>.synth_worker() missing 1 required positional argument: 'wid'
Exception in thread Thread-106 (synth_worker):
Traceback (most recent call last):
  File "C:\Users\xenoa\AppData\Roaming\uv\python\cpython-3.11-windows-x86_64-none\Lib\threading.py", line 1045, in _bootstrap_inner
    self.run()
  File "C:\Users\xenoa\AppData\Roaming\uv\python\cpython-3.11-windows-x86_64-none\Lib\threading.py", line 982, in run
    self._target(*self._args, **self._kwargs)
TypeError: main.<locals>.synth_worker() missing 1 required positional argument: 'wid'
Exception in thread Thread-107 (synth_worker):
Exception in thread Thread-108 (synth_worker):
Traceback (most recent call last):
Exception in thread Thread-109 (synth_worker):
Traceback (most recent call last):
  File "C:\Users\xenoa\AppData\Roaming\uv\python\cpython-3.11-windows-x86_64-none\Lib\threading.py", line 1045, in _bootstrap_inner
Traceback (most recent call last):
  File "C:\Users\xenoa\AppData\Roaming\uv\python\cpython-3.11-windows-x86_64-none\Lib\threading.py", line 1045, in _bootstrap_inner
  File "C:\Users\xenoa\AppData\Roaming\uv\python\cpython-3.11-windows-x86_64-none\Lib\threading.py", line 1045, in _bootstrap_inner
    self.run()
    self.run()
    self.run()
  File "C:\Users\xenoa\AppData\Roaming\uv\python\cpython-3.11-windows-x86_64-none\Lib\threading.py", line 982, in run
  File "C:\Users\xenoa\AppData\Roaming\uv\python\cpython-3.11-windows-x86_64-none\Lib\threading.py", line 982, in run
  File "C:\Users\xenoa\AppData\Roaming\uv\python\cpython-3.11-windows-x86_64-none\Lib\threading.py", line 982, in run
    self._target(*self._args, **self._kwargs)
    self._target(*self._args, **self._kwargs)
TypeError: main.<locals>.synth_worker() missing 1 required positional argument: 'wid'
TypeError: main.<locals>.synth_worker() missing 1 required positional argument: 'wid'
    self._target(*self._args, **self._kwargs)
TypeError: main.<locals>.synth_worker() missing 1 required positional argument: 'wid'
Exception in thread Thread-110 (synth_worker):
Exception in thread Thread-111 (synth_worker):
Traceback (most recent call last):
Exception in thread Thread-112 (synth_worker):
  File "C:\Users\xenoa\AppData\Roaming\uv\python\cpython-3.11-windows-x86_64-none\Lib\threading.py", line 1045, in _bootstrap_inner
Traceback (most recent call last):
  File "C:\Users\xenoa\AppData\Roaming\uv\python\cpython-3.11-windows-x86_64-none\Lib\threading.py", line 1045, in _bootstrap_inner
Traceback (most recent call last):
  File "C:\Users\xenoa\AppData\Roaming\uv\python\cpython-3.11-windows-x86_64-none\Lib\threading.py", line 1045, in _bootstrap_inner
    self.run()
    self.run()
  File "C:\Users\xenoa\AppData\Roaming\uv\python\cpython-3.11-windows-x86_64-none\Lib\threading.py", line 982, in run
  File "C:\Users\xenoa\AppData\Roaming\uv\python\cpython-3.11-windows-x86_64-none\Lib\threading.py", line 982, in run
    self.run()
    self._target(*self._args, **self._kwargs)
  File "C:\Users\xenoa\AppData\Roaming\uv\python\cpython-3.11-windows-x86_64-none\Lib\threading.py", line 982, in run
TypeError: main.<locals>.synth_worker() missing 1 required positional argument: 'wid'
    self._target(*self._args, **self._kwargs)
TypeError: main.<locals>.synth_worker() missing 1 required positional argument: 'wid'
    self._target(*self._args, **self._kwargs)
TypeError: main.<locals>.synth_worker() missing 1 required positional argument: 'wid'
Exception in thread Thread-113 (synth_worker):
Exception in thread Thread-114 (synth_worker):
Traceback (most recent call last):
Traceback (most recent call last):
  File "C:\Users\xenoa\AppData\Roaming\uv\python\cpython-3.11-windows-x86_64-none\Lib\threading.py", line 1045, in _bootstrap_inner
  File "C:\Users\xenoa\AppData\Roaming\uv\python\cpython-3.11-windows-x86_64-none\Lib\threading.py", line 1045, in _bootstrap_inner
Exception in thread Thread-115 (synth_worker):
Traceback (most recent call last):
  File "C:\Users\xenoa\AppData\Roaming\uv\python\cpython-3.11-windows-x86_64-none\Lib\threading.py", line 1045, in _bootstrap_inner
    self.run()
    self.run()
  File "C:\Users\xenoa\AppData\Roaming\uv\python\cpython-3.11-windows-x86_64-none\Lib\threading.py", line 982, in run
  File "C:\Users\xenoa\AppData\Roaming\uv\python\cpython-3.11-windows-x86_64-none\Lib\threading.py", line 982, in run
    self.run()
  File "C:\Users\xenoa\AppData\Roaming\uv\python\cpython-3.11-windows-x86_64-none\Lib\threading.py", line 982, in run
    self._target(*self._args, **self._kwargs)
TypeError: main.<locals>.synth_worker() missing 1 required positional argument: 'wid'
    self._target(*self._args, **self._kwargs)
TypeError: main.<locals>.synth_worker() missing 1 required positional argument: 'wid'
    self._target(*self._args, **self._kwargs)
TypeError: main.<locals>.synth_worker() missing 1 required positional argument: 'wid'
Exception in thread Thread-116 (synth_worker):
Exception in thread Thread-117 (synth_worker):
Traceback (most recent call last):
Traceback (most recent call last):
  File "C:\Users\xenoa\AppData\Roaming\uv\python\cpython-3.11-windows-x86_64-none\Lib\threading.py", line 1045, in _bootstrap_inner
  File "C:\Users\xenoa\AppData\Roaming\uv\python\cpython-3.11-windows-x86_64-none\Lib\threading.py", line 1045, in _bootstrap_inner
Exception in thread Thread-118 (synth_worker):
Traceback (most recent call last):
  File "C:\Users\xenoa\AppData\Roaming\uv\python\cpython-3.11-windows-x86_64-none\Lib\threading.py", line 1045, in _bootstrap_inner
    self.run()
  File "C:\Users\xenoa\AppData\Roaming\uv\python\cpython-3.11-windows-x86_64-none\Lib\threading.py", line 982, in run
    self.run()
    self.run()
  File "C:\Users\xenoa\AppData\Roaming\uv\python\cpython-3.11-windows-x86_64-none\Lib\threading.py", line 982, in run
  File "C:\Users\xenoa\AppData\Roaming\uv\python\cpython-3.11-windows-x86_64-none\Lib\threading.py", line 982, in run
    self._target(*self._args, **self._kwargs)
TypeError: main.<locals>.synth_worker() missing 1 required positional argument: 'wid'
    self._target(*self._args, **self._kwargs)
    self._target(*self._args, **self._kwargs)
TypeError: main.<locals>.synth_worker() missing 1 required positional argument: 'wid'
TypeError: main.<locals>.synth_worker() missing 1 required positional argument: 'wid'
Exception in thread Thread-119 (synth_worker):
Traceback (most recent call last):
Exception in thread Thread-120 (synth_worker):
Traceback (most recent call last):
Exception in thread Thread-121 (synth_worker):
Traceback (most recent call last):
  File "C:\Users\xenoa\AppData\Roaming\uv\python\cpython-3.11-windows-x86_64-none\Lib\threading.py", line 1045, in _bootstrap_inner
  File "C:\Users\xenoa\AppData\Roaming\uv\python\cpython-3.11-windows-x86_64-none\Lib\threading.py", line 1045, in _bootstrap_inner
  File "C:\Users\xenoa\AppData\Roaming\uv\python\cpython-3.11-windows-x86_64-none\Lib\threading.py", line 1045, in _bootstrap_inner
    self.run()
    self.run()
  File "C:\Users\xenoa\AppData\Roaming\uv\python\cpython-3.11-windows-x86_64-none\Lib\threading.py", line 982, in run
  File "C:\Users\xenoa\AppData\Roaming\uv\python\cpython-3.11-windows-x86_64-none\Lib\threading.py", line 982, in run
    self.run()
  File "C:\Users\xenoa\AppData\Roaming\uv\python\cpython-3.11-windows-x86_64-none\Lib\threading.py", line 982, in run
    self._target(*self._args, **self._kwargs)
    self._target(*self._args, **self._kwargs)
TypeError: main.<locals>.synth_worker() missing 1 required positional argument: 'wid'
TypeError: main.<locals>.synth_worker() missing 1 required positional argument: 'wid'
    self._target(*self._args, **self._kwargs)
TypeError: main.<locals>.synth_worker() missing 1 required positional argument: 'wid'
Exception in thread Thread-122 (synth_worker):
Exception in thread Thread-123 (synth_worker):
Traceback (most recent call last):
Traceback (most recent call last):
  File "C:\Users\xenoa\AppData\Roaming\uv\python\cpython-3.11-windows-x86_64-none\Lib\threading.py", line 1045, in _bootstrap_inner
  File "C:\Users\xenoa\AppData\Roaming\uv\python\cpython-3.11-windows-x86_64-none\Lib\threading.py", line 1045, in _bootstrap_inner
Exception in thread Thread-124 (synth_worker):
    self.run()
Traceback (most recent call last):
  File "C:\Users\xenoa\AppData\Roaming\uv\python\cpython-3.11-windows-x86_64-none\Lib\threading.py", line 982, in run
  File "C:\Users\xenoa\AppData\Roaming\uv\python\cpython-3.11-windows-x86_64-none\Lib\threading.py", line 1045, in _bootstrap_inner
    self.run()
  File "C:\Users\xenoa\AppData\Roaming\uv\python\cpython-3.11-windows-x86_64-none\Lib\threading.py", line 982, in run
    self._target(*self._args, **self._kwargs)
TypeError: main.<locals>.synth_worker() missing 1 required positional argument: 'wid'
    self.run()
  File "C:\Users\xenoa\AppData\Roaming\uv\python\cpython-3.11-windows-x86_64-none\Lib\threading.py", line 982, in run
    self._target(*self._args, **self._kwargs)
TypeError: main.<locals>.synth_worker() missing 1 required positional argument: 'wid'
    self._target(*self._args, **self._kwargs)
TypeError: main.<locals>.synth_worker() missing 1 required positional argument: 'wid'
Exception in thread Thread-125 (synth_worker):
Exception in thread Thread-126 (synth_worker):
Traceback (most recent call last):
Exception in thread Thread-127 (synth_worker):
Traceback (most recent call last):
  File "C:\Users\xenoa\AppData\Roaming\uv\python\cpython-3.11-windows-x86_64-none\Lib\threading.py", line 1045, in _bootstrap_inner
  File "C:\Users\xenoa\AppData\Roaming\uv\python\cpython-3.11-windows-x86_64-none\Lib\threading.py", line 1045, in _bootstrap_inner
Traceback (most recent call last):
    self.run()
  File "C:\Users\xenoa\AppData\Roaming\uv\python\cpython-3.11-windows-x86_64-none\Lib\threading.py", line 982, in run
    self.run()
  File "C:\Users\xenoa\AppData\Roaming\uv\python\cpython-3.11-windows-x86_64-none\Lib\threading.py", line 1045, in _bootstrap_inner
  File "C:\Users\xenoa\AppData\Roaming\uv\python\cpython-3.11-windows-x86_64-none\Lib\threading.py", line 982, in run
    self._target(*self._args, **self._kwargs)
TypeError: main.<locals>.synth_worker() missing 1 required positional argument: 'wid'
    self.run()
    self._target(*self._args, **self._kwargs)
  File "C:\Users\xenoa\AppData\Roaming\uv\python\cpython-3.11-windows-x86_64-none\Lib\threading.py", line 982, in run
TypeError: main.<locals>.synth_worker() missing 1 required positional argument: 'wid'
    self._target(*self._args, **self._kwargs)
TypeError: main.<locals>.synth_worker() missing 1 required positional argument: 'wid'
Exception in thread Thread-128 (synth_worker):
Traceback (most recent call last):
Exception in thread Thread-129 (synth_worker):
  File "C:\Users\xenoa\AppData\Roaming\uv\python\cpython-3.11-windows-x86_64-none\Lib\threading.py", line 1045, in _bootstrap_inner
Traceback (most recent call last):
Exception in thread Thread-130 (synth_worker):
  File "C:\Users\xenoa\AppData\Roaming\uv\python\cpython-3.11-windows-x86_64-none\Lib\threading.py", line 1045, in _bootstrap_inner
    self.run()
Traceback (most recent call last):
  File "C:\Users\xenoa\AppData\Roaming\uv\python\cpython-3.11-windows-x86_64-none\Lib\threading.py", line 982, in run
  File "C:\Users\xenoa\AppData\Roaming\uv\python\cpython-3.11-windows-x86_64-none\Lib\threading.py", line 1045, in _bootstrap_inner
    self.run()
  File "C:\Users\xenoa\AppData\Roaming\uv\python\cpython-3.11-windows-x86_64-none\Lib\threading.py", line 982, in run
    self._target(*self._args, **self._kwargs)
    self.run()
TypeError: main.<locals>.synth_worker() missing 1 required positional argument: 'wid'
    self._target(*self._args, **self._kwargs)
  File "C:\Users\xenoa\AppData\Roaming\uv\python\cpython-3.11-windows-x86_64-none\Lib\threading.py", line 982, in run
TypeError: main.<locals>.synth_worker() missing 1 required positional argument: 'wid'
    self._target(*self._args, **self._kwargs)
TypeError: main.<locals>.synth_worker() missing 1 required positional argument: 'wid'
Exception in thread Thread-131 (synth_worker):
Exception in thread Thread-132 (synth_worker):
Traceback (most recent call last):
Traceback (most recent call last):
  File "C:\Users\xenoa\AppData\Roaming\uv\python\cpython-3.11-windows-x86_64-none\Lib\threading.py", line 1045, in _bootstrap_inner
  File "C:\Users\xenoa\AppData\Roaming\uv\python\cpython-3.11-windows-x86_64-none\Lib\threading.py", line 1045, in _bootstrap_inner
Exception in thread Thread-133 (synth_worker):
Traceback (most recent call last):
    self.run()
  File "C:\Users\xenoa\AppData\Roaming\uv\python\cpython-3.11-windows-x86_64-none\Lib\threading.py", line 1045, in _bootstrap_inner
  File "C:\Users\xenoa\AppData\Roaming\uv\python\cpython-3.11-windows-x86_64-none\Lib\threading.py", line 982, in run
    self.run()
  File "C:\Users\xenoa\AppData\Roaming\uv\python\cpython-3.11-windows-x86_64-none\Lib\threading.py", line 982, in run
    self._target(*self._args, **self._kwargs)
    self.run()
TypeError: main.<locals>.synth_worker() missing 1 required positional argument: 'wid'
  File "C:\Users\xenoa\AppData\Roaming\uv\python\cpython-3.11-windows-x86_64-none\Lib\threading.py", line 982, in run
    self._target(*self._args, **self._kwargs)
TypeError: main.<locals>.synth_worker() missing 1 required positional argument: 'wid'
    self._target(*self._args, **self._kwargs)
TypeError: main.<locals>.synth_worker() missing 1 required positional argument: 'wid'
Exception in thread Thread-134 (synth_worker):
Exception in thread Thread-135 (synth_worker):
Traceback (most recent call last):
Traceback (most recent call last):
  File "C:\Users\xenoa\AppData\Roaming\uv\python\cpython-3.11-windows-x86_64-none\Lib\threading.py", line 1045, in _bootstrap_inner
  File "C:\Users\xenoa\AppData\Roaming\uv\python\cpython-3.11-windows-x86_64-none\Lib\threading.py", line 1045, in _bootstrap_inner
Exception in thread Thread-136 (synth_worker):
Traceback (most recent call last):
  File "C:\Users\xenoa\AppData\Roaming\uv\python\cpython-3.11-windows-x86_64-none\Lib\threading.py", line 1045, in _bootstrap_inner
    self.run()
    self.run()
  File "C:\Users\xenoa\AppData\Roaming\uv\python\cpython-3.11-windows-x86_64-none\Lib\threading.py", line 982, in run
    self.run()
  File "C:\Users\xenoa\AppData\Roaming\uv\python\cpython-3.11-windows-x86_64-none\Lib\threading.py", line 982, in run
  File "C:\Users\xenoa\AppData\Roaming\uv\python\cpython-3.11-windows-x86_64-none\Lib\threading.py", line 982, in run
    self._target(*self._args, **self._kwargs)
    self._target(*self._args, **self._kwargs)
TypeError: main.<locals>.synth_worker() missing 1 required positional argument: 'wid'
TypeError: main.<locals>.synth_worker() missing 1 required positional argument: 'wid'
    self._target(*self._args, **self._kwargs)
TypeError: main.<locals>.synth_worker() missing 1 required positional argument: 'wid'
Exception in thread Thread-137 (synth_worker):
Traceback (most recent call last):
  File "C:\Users\xenoa\AppData\Roaming\uv\python\cpython-3.11-windows-x86_64-none\Lib\threading.py", line 1045, in _bootstrap_inner
Exception in thread Thread-138 (synth_worker):
Exception in thread Thread-139 (synth_worker):
Traceback (most recent call last):
  File "C:\Users\xenoa\AppData\Roaming\uv\python\cpython-3.11-windows-x86_64-none\Lib\threading.py", line 1045, in _bootstrap_inner
Traceback (most recent call last):
    self.run()
  File "C:\Users\xenoa\AppData\Roaming\uv\python\cpython-3.11-windows-x86_64-none\Lib\threading.py", line 1045, in _bootstrap_inner
  File "C:\Users\xenoa\AppData\Roaming\uv\python\cpython-3.11-windows-x86_64-none\Lib\threading.py", line 982, in run
    self.run()
  File "C:\Users\xenoa\AppData\Roaming\uv\python\cpython-3.11-windows-x86_64-none\Lib\threading.py", line 982, in run
    self.run()
  File "C:\Users\xenoa\AppData\Roaming\uv\python\cpython-3.11-windows-x86_64-none\Lib\threading.py", line 982, in run
    self._target(*self._args, **self._kwargs)
    self._target(*self._args, **self._kwargs)
TypeError: main.<locals>.synth_worker() missing 1 required positional argument: 'wid'
    self._target(*self._args, **self._kwargs)
TypeError: main.<locals>.synth_worker() missing 1 required positional argument: 'wid'
TypeError: main.<locals>.synth_worker() missing 1 required positional argument: 'wid'
Exception in thread Thread-140 (synth_worker):
Traceback (most recent call last):
  File "C:\Users\xenoa\AppData\Roaming\uv\python\cpython-3.11-windows-x86_64-none\Lib\threading.py", line 1045, in _bootstrap_inner
Exception in thread Thread-142 (synth_worker):
Traceback (most recent call last):
  File "C:\Users\xenoa\AppData\Roaming\uv\python\cpython-3.11-windows-x86_64-none\Lib\threading.py", line 1045, in _bootstrap_inner
    self.run()
  File "C:\Users\xenoa\AppData\Roaming\uv\python\cpython-3.11-windows-x86_64-none\Lib\threading.py", line 982, in run
Exception in thread Thread-141 (synth_worker):
    self.run()
    self._target(*self._args, **self._kwargs)
  File "C:\Users\xenoa\AppData\Roaming\uv\python\cpython-3.11-windows-x86_64-none\Lib\threading.py", line 982, in run
TypeError: main.<locals>.synth_worker() missing 1 required positional argument: 'wid'
Traceback (most recent call last):
    self._target(*self._args, **self._kwargs)
  File "C:\Users\xenoa\AppData\Roaming\uv\python\cpython-3.11-windows-x86_64-none\Lib\threading.py", line 1045, in _bootstrap_inner
TypeError: main.<locals>.synth_worker() missing 1 required positional argument: 'wid'
    self.run()
  File "C:\Users\xenoa\AppData\Roaming\uv\python\cpython-3.11-windows-x86_64-none\Lib\threading.py", line 982, in run
    self._target(*self._args, **self._kwargs)
TypeError: main.<locals>.synth_worker() missing 1 required positional argument: 'wid'
Exception in thread Thread-143 (synth_worker):
Exception in thread Thread-144 (synth_worker):
Traceback (most recent call last):
  File "C:\Users\xenoa\AppData\Roaming\uv\python\cpython-3.11-windows-x86_64-none\Lib\threading.py", line 1045, in _bootstrap_inner
Traceback (most recent call last):
  File "C:\Users\xenoa\AppData\Roaming\uv\python\cpython-3.11-windows-x86_64-none\Lib\threading.py", line 1045, in _bootstrap_inner
Exception in thread Thread-145 (synth_worker):
Traceback (most recent call last):
    self.run()
  File "C:\Users\xenoa\AppData\Roaming\uv\python\cpython-3.11-windows-x86_64-none\Lib\threading.py", line 1045, in _bootstrap_inner
  File "C:\Users\xenoa\AppData\Roaming\uv\python\cpython-3.11-windows-x86_64-none\Lib\threading.py", line 982, in run
    self.run()
    self.run()
    self._target(*self._args, **self._kwargs)
  File "C:\Users\xenoa\AppData\Roaming\uv\python\cpython-3.11-windows-x86_64-none\Lib\threading.py", line 982, in run
TypeError: main.<locals>.synth_worker() missing 1 required positional argument: 'wid'
  File "C:\Users\xenoa\AppData\Roaming\uv\python\cpython-3.11-windows-x86_64-none\Lib\threading.py", line 982, in run
    self._target(*self._args, **self._kwargs)
TypeError: main.<locals>.synth_worker() missing 1 required positional argument: 'wid'
    self._target(*self._args, **self._kwargs)
TypeError: main.<locals>.synth_worker() missing 1 required positional argument: 'wid'
Exception in thread Thread-146 (synth_worker):
Traceback (most recent call last):
Exception in thread Thread-148 (synth_worker):
  File "C:\Users\xenoa\AppData\Roaming\uv\python\cpython-3.11-windows-x86_64-none\Lib\threading.py", line 1045, in _bootstrap_inner
Traceback (most recent call last):
  File "C:\Users\xenoa\AppData\Roaming\uv\python\cpython-3.11-windows-x86_64-none\Lib\threading.py", line 1045, in _bootstrap_inner
Exception in thread Thread-147 (synth_worker):
Traceback (most recent call last):
    self.run()
    self.run()
  File "C:\Users\xenoa\AppData\Roaming\uv\python\cpython-3.11-windows-x86_64-none\Lib\threading.py", line 982, in run
  File "C:\Users\xenoa\AppData\Roaming\uv\python\cpython-3.11-windows-x86_64-none\Lib\threading.py", line 982, in run
  File "C:\Users\xenoa\AppData\Roaming\uv\python\cpython-3.11-windows-x86_64-none\Lib\threading.py", line 1045, in _bootstrap_inner
    self._target(*self._args, **self._kwargs)
    self._target(*self._args, **self._kwargs)
TypeError: main.<locals>.synth_worker() missing 1 required positional argument: 'wid'
TypeError: main.<locals>.synth_worker() missing 1 required positional argument: 'wid'
    self.run()
  File "C:\Users\xenoa\AppData\Roaming\uv\python\cpython-3.11-windows-x86_64-none\Lib\threading.py", line 982, in run
    self._target(*self._args, **self._kwargs)
TypeError: main.<locals>.synth_worker() missing 1 required positional argument: 'wid'
Exception in thread Thread-149 (synth_worker):
Exception in thread Thread-150 (synth_worker):
Traceback (most recent call last):
Traceback (most recent call last):
  File "C:\Users\xenoa\AppData\Roaming\uv\python\cpython-3.11-windows-x86_64-none\Lib\threading.py", line 1045, in _bootstrap_inner
  File "C:\Users\xenoa\AppData\Roaming\uv\python\cpython-3.11-windows-x86_64-none\Lib\threading.py", line 1045, in _bootstrap_inner
Exception in thread Thread-151 (synth_worker):
Traceback (most recent call last):
  File "C:\Users\xenoa\AppData\Roaming\uv\python\cpython-3.11-windows-x86_64-none\Lib\threading.py", line 1045, in _bootstrap_inner
    self.run()
    self.run()
  File "C:\Users\xenoa\AppData\Roaming\uv\python\cpython-3.11-windows-x86_64-none\Lib\threading.py", line 982, in run
  File "C:\Users\xenoa\AppData\Roaming\uv\python\cpython-3.11-windows-x86_64-none\Lib\threading.py", line 982, in run
    self.run()
    self._target(*self._args, **self._kwargs)
  File "C:\Users\xenoa\AppData\Roaming\uv\python\cpython-3.11-windows-x86_64-none\Lib\threading.py", line 982, in run
TypeError: main.<locals>.synth_worker() missing 1 required positional argument: 'wid'
    self._target(*self._args, **self._kwargs)
    self._target(*self._args, **self._kwargs)
TypeError: main.<locals>.synth_worker() missing 1 required positional argument: 'wid'
TypeError: main.<locals>.synth_worker() missing 1 required positional argument: 'wid'
Exception in thread Thread-152 (synth_worker):
Exception in thread Thread-153 (synth_worker):
Traceback (most recent call last):
  File "C:\Users\xenoa\AppData\Roaming\uv\python\cpython-3.11-windows-x86_64-none\Lib\threading.py", line 1045, in _bootstrap_inner
Traceback (most recent call last):
    self.run()
  File "C:\Users\xenoa\AppData\Roaming\uv\python\cpython-3.11-windows-x86_64-none\Lib\threading.py", line 982, in run
  File "C:\Users\xenoa\AppData\Roaming\uv\python\cpython-3.11-windows-x86_64-none\Lib\threading.py", line 1045, in _bootstrap_inner
Exception in thread Thread-154 (synth_worker):
    self.run()
Traceback (most recent call last):
  File "C:\Users\xenoa\AppData\Roaming\uv\python\cpython-3.11-windows-x86_64-none\Lib\threading.py", line 1045, in _bootstrap_inner
    self.run()
  File "C:\Users\xenoa\AppData\Roaming\uv\python\cpython-3.11-windows-x86_64-none\Lib\threading.py", line 982, in run
    self._target(*self._args, **self._kwargs)
  File "C:\Users\xenoa\AppData\Roaming\uv\python\cpython-3.11-windows-x86_64-none\Lib\threading.py", line 982, in run
TypeError: main.<locals>.synth_worker() missing 1 required positional argument: 'wid'
    self._target(*self._args, **self._kwargs)
    self._target(*self._args, **self._kwargs)
TypeError: main.<locals>.synth_worker() missing 1 required positional argument: 'wid'
TypeError: main.<locals>.synth_worker() missing 1 required positional argument: 'wid'
Exception in thread Thread-155 (synth_worker):
Traceback (most recent call last):
  File "C:\Users\xenoa\AppData\Roaming\uv\python\cpython-3.11-windows-x86_64-none\Lib\threading.py", line 1045, in _bootstrap_inner
Exception in thread Thread-156 (synth_worker):
Traceback (most recent call last):
Exception in thread Thread-157 (synth_worker):
  File "C:\Users\xenoa\AppData\Roaming\uv\python\cpython-3.11-windows-x86_64-none\Lib\threading.py", line 1045, in _bootstrap_inner
Traceback (most recent call last):
    self.run()
    self.run()
  File "C:\Users\xenoa\AppData\Roaming\uv\python\cpython-3.11-windows-x86_64-none\Lib\threading.py", line 982, in run
  File "C:\Users\xenoa\AppData\Roaming\uv\python\cpython-3.11-windows-x86_64-none\Lib\threading.py", line 982, in run
  File "C:\Users\xenoa\AppData\Roaming\uv\python\cpython-3.11-windows-x86_64-none\Lib\threading.py", line 1045, in _bootstrap_inner
    self._target(*self._args, **self._kwargs)
TypeError: main.<locals>.synth_worker() missing 1 required positional argument: 'wid'
    self._target(*self._args, **self._kwargs)
    self.run()
TypeError: main.<locals>.synth_worker() missing 1 required positional argument: 'wid'
  File "C:\Users\xenoa\AppData\Roaming\uv\python\cpython-3.11-windows-x86_64-none\Lib\threading.py", line 982, in run
    self._target(*self._args, **self._kwargs)
TypeError: main.<locals>.synth_worker() missing 1 required positional argument: 'wid'
Exception in thread Thread-158 (synth_worker):
Exception in thread Thread-159 (synth_worker):
Traceback (most recent call last):
Traceback (most recent call last):
  File "C:\Users\xenoa\AppData\Roaming\uv\python\cpython-3.11-windows-x86_64-none\Lib\threading.py", line 1045, in _bootstrap_inner
  File "C:\Users\xenoa\AppData\Roaming\uv\python\cpython-3.11-windows-x86_64-none\Lib\threading.py", line 1045, in _bootstrap_inner
Exception in thread Thread-160 (synth_worker):
Traceback (most recent call last):
  File "C:\Users\xenoa\AppData\Roaming\uv\python\cpython-3.11-windows-x86_64-none\Lib\threading.py", line 1045, in _bootstrap_inner
    self.run()
    self.run()
  File "C:\Users\xenoa\AppData\Roaming\uv\python\cpython-3.11-windows-x86_64-none\Lib\threading.py", line 982, in run
  File "C:\Users\xenoa\AppData\Roaming\uv\python\cpython-3.11-windows-x86_64-none\Lib\threading.py", line 982, in run
    self.run()
  File "C:\Users\xenoa\AppData\Roaming\uv\python\cpython-3.11-windows-x86_64-none\Lib\threading.py", line 982, in run
    self._target(*self._args, **self._kwargs)
TypeError: main.<locals>.synth_worker() missing 1 required positional argument: 'wid'
    self._target(*self._args, **self._kwargs)
TypeError: main.<locals>.synth_worker() missing 1 required positional argument: 'wid'
    self._target(*self._args, **self._kwargs)
TypeError: main.<locals>.synth_worker() missing 1 required positional argument: 'wid'
Exception in thread Thread-161 (synth_worker):
Exception in thread Thread-162 (synth_worker):
Traceback (most recent call last):
Traceback (most recent call last):
  File "C:\Users\xenoa\AppData\Roaming\uv\python\cpython-3.11-windows-x86_64-none\Lib\threading.py", line 1045, in _bootstrap_inner
  File "C:\Users\xenoa\AppData\Roaming\uv\python\cpython-3.11-windows-x86_64-none\Lib\threading.py", line 1045, in _bootstrap_inner
Exception in thread Thread-163 (synth_worker):
Traceback (most recent call last):
    self.run()
    self.run()
  File "C:\Users\xenoa\AppData\Roaming\uv\python\cpython-3.11-windows-x86_64-none\Lib\threading.py", line 982, in run
  File "C:\Users\xenoa\AppData\Roaming\uv\python\cpython-3.11-windows-x86_64-none\Lib\threading.py", line 982, in run
  File "C:\Users\xenoa\AppData\Roaming\uv\python\cpython-3.11-windows-x86_64-none\Lib\threading.py", line 1045, in _bootstrap_inner
    self._target(*self._args, **self._kwargs)
TypeError: main.<locals>.synth_worker() missing 1 required positional argument: 'wid'
    self._target(*self._args, **self._kwargs)
    self.run()
TypeError: main.<locals>.synth_worker() missing 1 required positional argument: 'wid'
  File "C:\Users\xenoa\AppData\Roaming\uv\python\cpython-3.11-windows-x86_64-none\Lib\threading.py", line 982, in run
    self._target(*self._args, **self._kwargs)
TypeError: main.<locals>.synth_worker() missing 1 required positional argument: 'wid'
Exception in thread Thread-164 (synth_worker):
Exception in thread Thread-165 (synth_worker):
Traceback (most recent call last):
  File "C:\Users\xenoa\AppData\Roaming\uv\python\cpython-3.11-windows-x86_64-none\Lib\threading.py", line 1045, in _bootstrap_inner
Exception in thread Thread-166 (synth_worker):
Traceback (most recent call last):
Traceback (most recent call last):
  File "C:\Users\xenoa\AppData\Roaming\uv\python\cpython-3.11-windows-x86_64-none\Lib\threading.py", line 1045, in _bootstrap_inner
  File "C:\Users\xenoa\AppData\Roaming\uv\python\cpython-3.11-windows-x86_64-none\Lib\threading.py", line 1045, in _bootstrap_inner
    self.run()
    self.run()
  File "C:\Users\xenoa\AppData\Roaming\uv\python\cpython-3.11-windows-x86_64-none\Lib\threading.py", line 982, in run
  File "C:\Users\xenoa\AppData\Roaming\uv\python\cpython-3.11-windows-x86_64-none\Lib\threading.py", line 982, in run
    self.run()
  File "C:\Users\xenoa\AppData\Roaming\uv\python\cpython-3.11-windows-x86_64-none\Lib\threading.py", line 982, in run
    self._target(*self._args, **self._kwargs)
TypeError: main.<locals>.synth_worker() missing 1 required positional argument: 'wid'
    self._target(*self._args, **self._kwargs)
    self._target(*self._args, **self._kwargs)
TypeError: main.<locals>.synth_worker() missing 1 required positional argument: 'wid'
TypeError: main.<locals>.synth_worker() missing 1 required positional argument: 'wid'
Exception in thread Thread-167 (synth_worker):
Exception in thread Thread-168 (synth_worker):
Exception in thread Thread-169 (synth_worker):
Traceback (most recent call last):
Traceback (most recent call last):
  File "C:\Users\xenoa\AppData\Roaming\uv\python\cpython-3.11-windows-x86_64-none\Lib\threading.py", line 1045, in _bootstrap_inner
  File "C:\Users\xenoa\AppData\Roaming\uv\python\cpython-3.11-windows-x86_64-none\Lib\threading.py", line 1045, in _bootstrap_inner
Traceback (most recent call last):
  File "C:\Users\xenoa\AppData\Roaming\uv\python\cpython-3.11-windows-x86_64-none\Lib\threading.py", line 1045, in _bootstrap_inner
    self.run()
    self.run()
  File "C:\Users\xenoa\AppData\Roaming\uv\python\cpython-3.11-windows-x86_64-none\Lib\threading.py", line 982, in run
  File "C:\Users\xenoa\AppData\Roaming\uv\python\cpython-3.11-windows-x86_64-none\Lib\threading.py", line 982, in run
    self.run()
    self._target(*self._args, **self._kwargs)
    self._target(*self._args, **self._kwargs)
TypeError: main.<locals>.synth_worker() missing 1 required positional argument: 'wid'
TypeError: main.<locals>.synth_worker() missing 1 required positional argument: 'wid'
  File "C:\Users\xenoa\AppData\Roaming\uv\python\cpython-3.11-windows-x86_64-none\Lib\threading.py", line 982, in run
    self._target(*self._args, **self._kwargs)
TypeError: main.<locals>.synth_worker() missing 1 required positional argument: 'wid'
Exception in thread Thread-170 (synth_worker):
Exception in thread Thread-171 (synth_worker):
Traceback (most recent call last):
Traceback (most recent call last):
  File "C:\Users\xenoa\AppData\Roaming\uv\python\cpython-3.11-windows-x86_64-none\Lib\threading.py", line 1045, in _bootstrap_inner
  File "C:\Users\xenoa\AppData\Roaming\uv\python\cpython-3.11-windows-x86_64-none\Lib\threading.py", line 1045, in _bootstrap_inner
Exception in thread Thread-172 (synth_worker):
Traceback (most recent call last):
    self.run()
  File "C:\Users\xenoa\AppData\Roaming\uv\python\cpython-3.11-windows-x86_64-none\Lib\threading.py", line 1045, in _bootstrap_inner
  File "C:\Users\xenoa\AppData\Roaming\uv\python\cpython-3.11-windows-x86_64-none\Lib\threading.py", line 982, in run
    self.run()
  File "C:\Users\xenoa\AppData\Roaming\uv\python\cpython-3.11-windows-x86_64-none\Lib\threading.py", line 982, in run
    self.run()
  File "C:\Users\xenoa\AppData\Roaming\uv\python\cpython-3.11-windows-x86_64-none\Lib\threading.py", line 982, in run
    self._target(*self._args, **self._kwargs)
TypeError: main.<locals>.synth_worker() missing 1 required positional argument: 'wid'
    self._target(*self._args, **self._kwargs)
    self._target(*self._args, **self._kwargs)
TypeError: main.<locals>.synth_worker() missing 1 required positional argument: 'wid'
TypeError: main.<locals>.synth_worker() missing 1 required positional argument: 'wid'
Exception in thread Thread-173 (synth_worker):
Exception in thread Thread-174 (synth_worker):
Traceback (most recent call last):
Traceback (most recent call last):
  File "C:\Users\xenoa\AppData\Roaming\uv\python\cpython-3.11-windows-x86_64-none\Lib\threading.py", line 1045, in _bootstrap_inner
  File "C:\Users\xenoa\AppData\Roaming\uv\python\cpython-3.11-windows-x86_64-none\Lib\threading.py", line 1045, in _bootstrap_inner
Exception in thread Thread-175 (synth_worker):
Traceback (most recent call last):
  File "C:\Users\xenoa\AppData\Roaming\uv\python\cpython-3.11-windows-x86_64-none\Lib\threading.py", line 1045, in _bootstrap_inner
    self.run()
    self.run()
  File "C:\Users\xenoa\AppData\Roaming\uv\python\cpython-3.11-windows-x86_64-none\Lib\threading.py", line 982, in run
  File "C:\Users\xenoa\AppData\Roaming\uv\python\cpython-3.11-windows-x86_64-none\Lib\threading.py", line 982, in run
    self.run()
  File "C:\Users\xenoa\AppData\Roaming\uv\python\cpython-3.11-windows-x86_64-none\Lib\threading.py", line 982, in run
    self._target(*self._args, **self._kwargs)
TypeError: main.<locals>.synth_worker() missing 1 required positional argument: 'wid'
    self._target(*self._args, **self._kwargs)
    self._target(*self._args, **self._kwargs)
TypeError: main.<locals>.synth_worker() missing 1 required positional argument: 'wid'
TypeError: main.<locals>.synth_worker() missing 1 required positional argument: 'wid'
Exception in thread Thread-176 (synth_worker):
Exception in thread Thread-177 (synth_worker):
Traceback (most recent call last):
Traceback (most recent call last):
  File "C:\Users\xenoa\AppData\Roaming\uv\python\cpython-3.11-windows-x86_64-none\Lib\threading.py", line 1045, in _bootstrap_inner
  File "C:\Users\xenoa\AppData\Roaming\uv\python\cpython-3.11-windows-x86_64-none\Lib\threading.py", line 1045, in _bootstrap_inner
Exception in thread Thread-178 (synth_worker):
Traceback (most recent call last):
  File "C:\Users\xenoa\AppData\Roaming\uv\python\cpython-3.11-windows-x86_64-none\Lib\threading.py", line 1045, in _bootstrap_inner
    self.run()
    self.run()
  File "C:\Users\xenoa\AppData\Roaming\uv\python\cpython-3.11-windows-x86_64-none\Lib\threading.py", line 982, in run
  File "C:\Users\xenoa\AppData\Roaming\uv\python\cpython-3.11-windows-x86_64-none\Lib\threading.py", line 982, in run
    self.run()
  File "C:\Users\xenoa\AppData\Roaming\uv\python\cpython-3.11-windows-x86_64-none\Lib\threading.py", line 982, in run
    self._target(*self._args, **self._kwargs)
TypeError: main.<locals>.synth_worker() missing 1 required positional argument: 'wid'
    self._target(*self._args, **self._kwargs)
    self._target(*self._args, **self._kwargs)
TypeError: main.<locals>.synth_worker() missing 1 required positional argument: 'wid'
TypeError: main.<locals>.synth_worker() missing 1 required positional argument: 'wid'
Exception in thread Thread-179 (synth_worker):
Exception in thread Thread-180 (synth_worker):
Traceback (most recent call last):
Traceback (most recent call last):
  File "C:\Users\xenoa\AppData\Roaming\uv\python\cpython-3.11-windows-x86_64-none\Lib\threading.py", line 1045, in _bootstrap_inner
  File "C:\Users\xenoa\AppData\Roaming\uv\python\cpython-3.11-windows-x86_64-none\Lib\threading.py", line 1045, in _bootstrap_inner
Exception in thread Thread-181 (synth_worker):
    self.run()
    self.run()
  File "C:\Users\xenoa\AppData\Roaming\uv\python\cpython-3.11-windows-x86_64-none\Lib\threading.py", line 982, in run
  File "C:\Users\xenoa\AppData\Roaming\uv\python\cpython-3.11-windows-x86_64-none\Lib\threading.py", line 982, in run
Traceback (most recent call last):
    self._target(*self._args, **self._kwargs)
  File "C:\Users\xenoa\AppData\Roaming\uv\python\cpython-3.11-windows-x86_64-none\Lib\threading.py", line 1045, in _bootstrap_inner
TypeError: main.<locals>.synth_worker() missing 1 required positional argument: 'wid'
    self._target(*self._args, **self._kwargs)
TypeError: main.<locals>.synth_worker() missing 1 required positional argument: 'wid'
    self.run()
  File "C:\Users\xenoa\AppData\Roaming\uv\python\cpython-3.11-windows-x86_64-none\Lib\threading.py", line 982, in run
    self._target(*self._args, **self._kwargs)
TypeError: main.<locals>.synth_worker() missing 1 required positional argument: 'wid'
Exception in thread Thread-182 (synth_worker):
Exception in thread Thread-183 (synth_worker):
Traceback (most recent call last):
Traceback (most recent call last):
Exception in thread Thread-184 (synth_worker):
Traceback (most recent call last):
  File "C:\Users\xenoa\AppData\Roaming\uv\python\cpython-3.11-windows-x86_64-none\Lib\threading.py", line 1045, in _bootstrap_inner
  File "C:\Users\xenoa\AppData\Roaming\uv\python\cpython-3.11-windows-x86_64-none\Lib\threading.py", line 1045, in _bootstrap_inner
  File "C:\Users\xenoa\AppData\Roaming\uv\python\cpython-3.11-windows-x86_64-none\Lib\threading.py", line 1045, in _bootstrap_inner
    self.run()
  File "C:\Users\xenoa\AppData\Roaming\uv\python\cpython-3.11-windows-x86_64-none\Lib\threading.py", line 982, in run
    self.run()
    self.run()
    self._target(*self._args, **self._kwargs)
  File "C:\Users\xenoa\AppData\Roaming\uv\python\cpython-3.11-windows-x86_64-none\Lib\threading.py", line 982, in run
TypeError: main.<locals>.synth_worker() missing 1 required positional argument: 'wid'
  File "C:\Users\xenoa\AppData\Roaming\uv\python\cpython-3.11-windows-x86_64-none\Lib\threading.py", line 982, in run
    self._target(*self._args, **self._kwargs)
TypeError: main.<locals>.synth_worker() missing 1 required positional argument: 'wid'
    self._target(*self._args, **self._kwargs)
TypeError: main.<locals>.synth_worker() missing 1 required positional argument: 'wid'
Exception in thread Thread-185 (synth_worker):
Exception in thread Thread-186 (synth_worker):
Traceback (most recent call last):
Traceback (most recent call last):
Exception in thread Thread-187 (synth_worker):
Traceback (most recent call last):
  File "C:\Users\xenoa\AppData\Roaming\uv\python\cpython-3.11-windows-x86_64-none\Lib\threading.py", line 1045, in _bootstrap_inner
  File "C:\Users\xenoa\AppData\Roaming\uv\python\cpython-3.11-windows-x86_64-none\Lib\threading.py", line 1045, in _bootstrap_inner
  File "C:\Users\xenoa\AppData\Roaming\uv\python\cpython-3.11-windows-x86_64-none\Lib\threading.py", line 1045, in _bootstrap_inner
    self.run()
  File "C:\Users\xenoa\AppData\Roaming\uv\python\cpython-3.11-windows-x86_64-none\Lib\threading.py", line 982, in run
    self.run()
  File "C:\Users\xenoa\AppData\Roaming\uv\python\cpython-3.11-windows-x86_64-none\Lib\threading.py", line 982, in run
    self.run()
  File "C:\Users\xenoa\AppData\Roaming\uv\python\cpython-3.11-windows-x86_64-none\Lib\threading.py", line 982, in run
    self._target(*self._args, **self._kwargs)
TypeError: main.<locals>.synth_worker() missing 1 required positional argument: 'wid'
    self._target(*self._args, **self._kwargs)
    self._target(*self._args, **self._kwargs)
TypeError: main.<locals>.synth_worker() missing 1 required positional argument: 'wid'
TypeError: main.<locals>.synth_worker() missing 1 required positional argument: 'wid'
Exception in thread Thread-188 (synth_worker):
Exception in thread Thread-189 (synth_worker):
Traceback (most recent call last):
Traceback (most recent call last):
  File "C:\Users\xenoa\AppData\Roaming\uv\python\cpython-3.11-windows-x86_64-none\Lib\threading.py", line 1045, in _bootstrap_inner
  File "C:\Users\xenoa\AppData\Roaming\uv\python\cpython-3.11-windows-x86_64-none\Lib\threading.py", line 1045, in _bootstrap_inner
Exception in thread Thread-190 (synth_worker):
Traceback (most recent call last):
    self.run()
  File "C:\Users\xenoa\AppData\Roaming\uv\python\cpython-3.11-windows-x86_64-none\Lib\threading.py", line 982, in run
  File "C:\Users\xenoa\AppData\Roaming\uv\python\cpython-3.11-windows-x86_64-none\Lib\threading.py", line 1045, in _bootstrap_inner
    self.run()
  File "C:\Users\xenoa\AppData\Roaming\uv\python\cpython-3.11-windows-x86_64-none\Lib\threading.py", line 982, in run
    self._target(*self._args, **self._kwargs)
    self.run()
TypeError: main.<locals>.synth_worker() missing 1 required positional argument: 'wid'
  File "C:\Users\xenoa\AppData\Roaming\uv\python\cpython-3.11-windows-x86_64-none\Lib\threading.py", line 982, in run
    self._target(*self._args, **self._kwargs)
TypeError: main.<locals>.synth_worker() missing 1 required positional argument: 'wid'
    self._target(*self._args, **self._kwargs)
TypeError: main.<locals>.synth_worker() missing 1 required positional argument: 'wid'
Exception in thread Thread-191 (synth_worker):
Exception in thread Thread-192 (synth_worker):
Traceback (most recent call last):
Traceback (most recent call last):
  File "C:\Users\xenoa\AppData\Roaming\uv\python\cpython-3.11-windows-x86_64-none\Lib\threading.py", line 1045, in _bootstrap_inner
  File "C:\Users\xenoa\AppData\Roaming\uv\python\cpython-3.11-windows-x86_64-none\Lib\threading.py", line 1045, in _bootstrap_inner
Exception in thread Thread-193 (synth_worker):
Traceback (most recent call last):
  File "C:\Users\xenoa\AppData\Roaming\uv\python\cpython-3.11-windows-x86_64-none\Lib\threading.py", line 1045, in _bootstrap_inner
    self.run()
    self.run()
  File "C:\Users\xenoa\AppData\Roaming\uv\python\cpython-3.11-windows-x86_64-none\Lib\threading.py", line 982, in run
  File "C:\Users\xenoa\AppData\Roaming\uv\python\cpython-3.11-windows-x86_64-none\Lib\threading.py", line 982, in run
    self.run()
    self._target(*self._args, **self._kwargs)
  File "C:\Users\xenoa\AppData\Roaming\uv\python\cpython-3.11-windows-x86_64-none\Lib\threading.py", line 982, in run
TypeError: main.<locals>.synth_worker() missing 1 required positional argument: 'wid'
    self._target(*self._args, **self._kwargs)
    self._target(*self._args, **self._kwargs)
TypeError: main.<locals>.synth_worker() missing 1 required positional argument: 'wid'
TypeError: main.<locals>.synth_worker() missing 1 required positional argument: 'wid'
Exception in thread Thread-194 (synth_worker):
Exception in thread Thread-195 (synth_worker):
Traceback (most recent call last):
Traceback (most recent call last):
  File "C:\Users\xenoa\AppData\Roaming\uv\python\cpython-3.11-windows-x86_64-none\Lib\threading.py", line 1045, in _bootstrap_inner
  File "C:\Users\xenoa\AppData\Roaming\uv\python\cpython-3.11-windows-x86_64-none\Lib\threading.py", line 1045, in _bootstrap_inner
Exception in thread Thread-196 (synth_worker):
Traceback (most recent call last):
    self.run()
  File "C:\Users\xenoa\AppData\Roaming\uv\python\cpython-3.11-windows-x86_64-none\Lib\threading.py", line 1045, in _bootstrap_inner
    self.run()
  File "C:\Users\xenoa\AppData\Roaming\uv\python\cpython-3.11-windows-x86_64-none\Lib\threading.py", line 982, in run
  File "C:\Users\xenoa\AppData\Roaming\uv\python\cpython-3.11-windows-x86_64-none\Lib\threading.py", line 982, in run
    self.run()
  File "C:\Users\xenoa\AppData\Roaming\uv\python\cpython-3.11-windows-x86_64-none\Lib\threading.py", line 982, in run
    self._target(*self._args, **self._kwargs)
TypeError: main.<locals>.synth_worker() missing 1 required positional argument: 'wid'
    self._target(*self._args, **self._kwargs)
    self._target(*self._args, **self._kwargs)
TypeError: main.<locals>.synth_worker() missing 1 required positional argument: 'wid'
TypeError: main.<locals>.synth_worker() missing 1 required positional argument: 'wid'
Exception in thread Thread-197 (synth_worker):
Traceback (most recent call last):
Exception in thread Thread-199 (synth_worker):
  File "C:\Users\xenoa\AppData\Roaming\uv\python\cpython-3.11-windows-x86_64-none\Lib\threading.py", line 1045, in _bootstrap_inner
Traceback (most recent call last):
Exception in thread Thread-198 (synth_worker):
  File "C:\Users\xenoa\AppData\Roaming\uv\python\cpython-3.11-windows-x86_64-none\Lib\threading.py", line 1045, in _bootstrap_inner
    self.run()
Traceback (most recent call last):
  File "C:\Users\xenoa\AppData\Roaming\uv\python\cpython-3.11-windows-x86_64-none\Lib\threading.py", line 982, in run
    self.run()
  File "C:\Users\xenoa\AppData\Roaming\uv\python\cpython-3.11-windows-x86_64-none\Lib\threading.py", line 1045, in _bootstrap_inner
    self._target(*self._args, **self._kwargs)
  File "C:\Users\xenoa\AppData\Roaming\uv\python\cpython-3.11-windows-x86_64-none\Lib\threading.py", line 982, in run
TypeError: main.<locals>.synth_worker() missing 1 required positional argument: 'wid'
    self.run()
    self._target(*self._args, **self._kwargs)
TypeError: main.<locals>.synth_worker() missing 1 required positional argument: 'wid'
  File "C:\Users\xenoa\AppData\Roaming\uv\python\cpython-3.11-windows-x86_64-none\Lib\threading.py", line 982, in run
    self._target(*self._args, **self._kwargs)
TypeError: main.<locals>.synth_worker() missing 1 required positional argument: 'wid'
Exception in thread Thread-200 (synth_worker):
Traceback (most recent call last):
Exception in thread Thread-201 (synth_worker):
Exception in thread Thread-202 (synth_worker):
Traceback (most recent call last):
Traceback (most recent call last):
  File "C:\Users\xenoa\AppData\Roaming\uv\python\cpython-3.11-windows-x86_64-none\Lib\threading.py", line 1045, in _bootstrap_inner
  File "C:\Users\xenoa\AppData\Roaming\uv\python\cpython-3.11-windows-x86_64-none\Lib\threading.py", line 1045, in _bootstrap_inner
  File "C:\Users\xenoa\AppData\Roaming\uv\python\cpython-3.11-windows-x86_64-none\Lib\threading.py", line 1045, in _bootstrap_inner
    self.run()
  File "C:\Users\xenoa\AppData\Roaming\uv\python\cpython-3.11-windows-x86_64-none\Lib\threading.py", line 982, in run
    self.run()
  File "C:\Users\xenoa\AppData\Roaming\uv\python\cpython-3.11-windows-x86_64-none\Lib\threading.py", line 982, in run
    self.run()
  File "C:\Users\xenoa\AppData\Roaming\uv\python\cpython-3.11-windows-x86_64-none\Lib\threading.py", line 982, in run
    self._target(*self._args, **self._kwargs)
    self._target(*self._args, **self._kwargs)
TypeError: main.<locals>.synth_worker() missing 1 required positional argument: 'wid'
TypeError: main.<locals>.synth_worker() missing 1 required positional argument: 'wid'
    self._target(*self._args, **self._kwargs)
TypeError: main.<locals>.synth_worker() missing 1 required positional argument: 'wid'
Exception in thread Thread-203 (synth_worker):
Exception in thread Thread-204 (synth_worker):
Traceback (most recent call last):
Traceback (most recent call last):
  File "C:\Users\xenoa\AppData\Roaming\uv\python\cpython-3.11-windows-x86_64-none\Lib\threading.py", line 1045, in _bootstrap_inner
  File "C:\Users\xenoa\AppData\Roaming\uv\python\cpython-3.11-windows-x86_64-none\Lib\threading.py", line 1045, in _bootstrap_inner
Exception in thread Thread-205 (synth_worker):
Traceback (most recent call last):
  File "C:\Users\xenoa\AppData\Roaming\uv\python\cpython-3.11-windows-x86_64-none\Lib\threading.py", line 1045, in _bootstrap_inner
    self.run()
    self.run()
  File "C:\Users\xenoa\AppData\Roaming\uv\python\cpython-3.11-windows-x86_64-none\Lib\threading.py", line 982, in run
  File "C:\Users\xenoa\AppData\Roaming\uv\python\cpython-3.11-windows-x86_64-none\Lib\threading.py", line 982, in run
    self.run()
  File "C:\Users\xenoa\AppData\Roaming\uv\python\cpython-3.11-windows-x86_64-none\Lib\threading.py", line 982, in run
    self._target(*self._args, **self._kwargs)
    self._target(*self._args, **self._kwargs)
TypeError: main.<locals>.synth_worker() missing 1 required positional argument: 'wid'
TypeError: main.<locals>.synth_worker() missing 1 required positional argument: 'wid'
    self._target(*self._args, **self._kwargs)
TypeError: main.<locals>.synth_worker() missing 1 required positional argument: 'wid'
Exception in thread Thread-206 (synth_worker):
Exception in thread Thread-207 (synth_worker):
Traceback (most recent call last):
Traceback (most recent call last):
Exception in thread Thread-208 (synth_worker):
  File "C:\Users\xenoa\AppData\Roaming\uv\python\cpython-3.11-windows-x86_64-none\Lib\threading.py", line 1045, in _bootstrap_inner
Traceback (most recent call last):
  File "C:\Users\xenoa\AppData\Roaming\uv\python\cpython-3.11-windows-x86_64-none\Lib\threading.py", line 1045, in _bootstrap_inner
  File "C:\Users\xenoa\AppData\Roaming\uv\python\cpython-3.11-windows-x86_64-none\Lib\threading.py", line 1045, in _bootstrap_inner
    self.run()
  File "C:\Users\xenoa\AppData\Roaming\uv\python\cpython-3.11-windows-x86_64-none\Lib\threading.py", line 982, in run
    self.run()
    self.run()
  File "C:\Users\xenoa\AppData\Roaming\uv\python\cpython-3.11-windows-x86_64-none\Lib\threading.py", line 982, in run
  File "C:\Users\xenoa\AppData\Roaming\uv\python\cpython-3.11-windows-x86_64-none\Lib\threading.py", line 982, in run
    self._target(*self._args, **self._kwargs)
    self._target(*self._args, **self._kwargs)
TypeError: main.<locals>.synth_worker() missing 1 required positional argument: 'wid'
TypeError: main.<locals>.synth_worker() missing 1 required positional argument: 'wid'
    self._target(*self._args, **self._kwargs)
TypeError: main.<locals>.synth_worker() missing 1 required positional argument: 'wid'
Exception in thread Thread-209 (synth_worker):
Exception in thread Thread-210 (synth_worker):
Traceback (most recent call last):
Traceback (most recent call last):
  File "C:\Users\xenoa\AppData\Roaming\uv\python\cpython-3.11-windows-x86_64-none\Lib\threading.py", line 1045, in _bootstrap_inner
  File "C:\Users\xenoa\AppData\Roaming\uv\python\cpython-3.11-windows-x86_64-none\Lib\threading.py", line 1045, in _bootstrap_inner
Exception in thread Thread-211 (synth_worker):
Traceback (most recent call last):
    self.run()
  File "C:\Users\xenoa\AppData\Roaming\uv\python\cpython-3.11-windows-x86_64-none\Lib\threading.py", line 1045, in _bootstrap_inner
  File "C:\Users\xenoa\AppData\Roaming\uv\python\cpython-3.11-windows-x86_64-none\Lib\threading.py", line 982, in run
    self.run()
  File "C:\Users\xenoa\AppData\Roaming\uv\python\cpython-3.11-windows-x86_64-none\Lib\threading.py", line 982, in run
    self.run()
    self._target(*self._args, **self._kwargs)
  File "C:\Users\xenoa\AppData\Roaming\uv\python\cpython-3.11-windows-x86_64-none\Lib\threading.py", line 982, in run
TypeError: main.<locals>.synth_worker() missing 1 required positional argument: 'wid'
    self._target(*self._args, **self._kwargs)
    self._target(*self._args, **self._kwargs)
TypeError: main.<locals>.synth_worker() missing 1 required positional argument: 'wid'
TypeError: main.<locals>.synth_worker() missing 1 required positional argument: 'wid'
Exception in thread Thread-212 (synth_worker):
Traceback (most recent call last):
Exception in thread Thread-214 (synth_worker):
  File "C:\Users\xenoa\AppData\Roaming\uv\python\cpython-3.11-windows-x86_64-none\Lib\threading.py", line 1045, in _bootstrap_inner
Traceback (most recent call last):
Exception in thread Thread-213 (synth_worker):
  File "C:\Users\xenoa\AppData\Roaming\uv\python\cpython-3.11-windows-x86_64-none\Lib\threading.py", line 1045, in _bootstrap_inner
Traceback (most recent call last):
    self.run()
  File "C:\Users\xenoa\AppData\Roaming\uv\python\cpython-3.11-windows-x86_64-none\Lib\threading.py", line 1045, in _bootstrap_inner
    self.run()
  File "C:\Users\xenoa\AppData\Roaming\uv\python\cpython-3.11-windows-x86_64-none\Lib\threading.py", line 982, in run
  File "C:\Users\xenoa\AppData\Roaming\uv\python\cpython-3.11-windows-x86_64-none\Lib\threading.py", line 982, in run
    self.run()
  File "C:\Users\xenoa\AppData\Roaming\uv\python\cpython-3.11-windows-x86_64-none\Lib\threading.py", line 982, in run
    self._target(*self._args, **self._kwargs)
    self._target(*self._args, **self._kwargs)
TypeError: main.<locals>.synth_worker() missing 1 required positional argument: 'wid'
TypeError: main.<locals>.synth_worker() missing 1 required positional argument: 'wid'
    self._target(*self._args, **self._kwargs)
TypeError: main.<locals>.synth_worker() missing 1 required positional argument: 'wid'
Exception in thread Thread-215 (synth_worker):
Traceback (most recent call last):
  File "C:\Users\xenoa\AppData\Roaming\uv\python\cpython-3.11-windows-x86_64-none\Lib\threading.py", line 1045, in _bootstrap_inner
Exception in thread Thread-216 (synth_worker):
Exception in thread Thread-217 (synth_worker):
Traceback (most recent call last):
    self.run()
  File "C:\Users\xenoa\AppData\Roaming\uv\python\cpython-3.11-windows-x86_64-none\Lib\threading.py", line 1045, in _bootstrap_inner
  File "C:\Users\xenoa\AppData\Roaming\uv\python\cpython-3.11-windows-x86_64-none\Lib\threading.py", line 982, in run
Traceback (most recent call last):
  File "C:\Users\xenoa\AppData\Roaming\uv\python\cpython-3.11-windows-x86_64-none\Lib\threading.py", line 1045, in _bootstrap_inner
    self.run()
    self._target(*self._args, **self._kwargs)
  File "C:\Users\xenoa\AppData\Roaming\uv\python\cpython-3.11-windows-x86_64-none\Lib\threading.py", line 982, in run
TypeError: main.<locals>.synth_worker() missing 1 required positional argument: 'wid'
    self.run()
    self._target(*self._args, **self._kwargs)
  File "C:\Users\xenoa\AppData\Roaming\uv\python\cpython-3.11-windows-x86_64-none\Lib\threading.py", line 982, in run
TypeError: main.<locals>.synth_worker() missing 1 required positional argument: 'wid'
    self._target(*self._args, **self._kwargs)
TypeError: main.<locals>.synth_worker() missing 1 required positional argument: 'wid'
Exception in thread Thread-218 (synth_worker):
Exception in thread Thread-219 (synth_worker):
Traceback (most recent call last):
Traceback (most recent call last):
  File "C:\Users\xenoa\AppData\Roaming\uv\python\cpython-3.11-windows-x86_64-none\Lib\threading.py", line 1045, in _bootstrap_inner
  File "C:\Users\xenoa\AppData\Roaming\uv\python\cpython-3.11-windows-x86_64-none\Lib\threading.py", line 1045, in _bootstrap_inner
Exception in thread Thread-220 (synth_worker):
Traceback (most recent call last):
  File "C:\Users\xenoa\AppData\Roaming\uv\python\cpython-3.11-windows-x86_64-none\Lib\threading.py", line 1045, in _bootstrap_inner
    self.run()
    self.run()
  File "C:\Users\xenoa\AppData\Roaming\uv\python\cpython-3.11-windows-x86_64-none\Lib\threading.py", line 982, in run
  File "C:\Users\xenoa\AppData\Roaming\uv\python\cpython-3.11-windows-x86_64-none\Lib\threading.py", line 982, in run
    self._target(*self._args, **self._kwargs)
    self.run()
    self._target(*self._args, **self._kwargs)
  File "C:\Users\xenoa\AppData\Roaming\uv\python\cpython-3.11-windows-x86_64-none\Lib\threading.py", line 982, in run
TypeError: main.<locals>.synth_worker() missing 1 required positional argument: 'wid'
TypeError: main.<locals>.synth_worker() missing 1 required positional argument: 'wid'
    self._target(*self._args, **self._kwargs)
TypeError: main.<locals>.synth_worker() missing 1 required positional argument: 'wid'
Exception in thread Thread-221 (synth_worker):
Exception in thread Thread-222 (synth_worker):
Traceback (most recent call last):
Traceback (most recent call last):
  File "C:\Users\xenoa\AppData\Roaming\uv\python\cpython-3.11-windows-x86_64-none\Lib\threading.py", line 1045, in _bootstrap_inner
  File "C:\Users\xenoa\AppData\Roaming\uv\python\cpython-3.11-windows-x86_64-none\Lib\threading.py", line 1045, in _bootstrap_inner
Exception in thread Thread-223 (synth_worker):
    self.run()
Traceback (most recent call last):
  File "C:\Users\xenoa\AppData\Roaming\uv\python\cpython-3.11-windows-x86_64-none\Lib\threading.py", line 982, in run
  File "C:\Users\xenoa\AppData\Roaming\uv\python\cpython-3.11-windows-x86_64-none\Lib\threading.py", line 1045, in _bootstrap_inner
    self.run()
  File "C:\Users\xenoa\AppData\Roaming\uv\python\cpython-3.11-windows-x86_64-none\Lib\threading.py", line 982, in run
    self._target(*self._args, **self._kwargs)
TypeError: main.<locals>.synth_worker() missing 1 required positional argument: 'wid'
    self._target(*self._args, **self._kwargs)
    self.run()
TypeError: main.<locals>.synth_worker() missing 1 required positional argument: 'wid'
  File "C:\Users\xenoa\AppData\Roaming\uv\python\cpython-3.11-windows-x86_64-none\Lib\threading.py", line 982, in run
    self._target(*self._args, **self._kwargs)
TypeError: main.<locals>.synth_worker() missing 1 required positional argument: 'wid'
Exception in thread Thread-224 (synth_worker):
Exception in thread Thread-225 (synth_worker):
Traceback (most recent call last):
Traceback (most recent call last):
Exception in thread Thread-226 (synth_worker):
Traceback (most recent call last):
  File "C:\Users\xenoa\AppData\Roaming\uv\python\cpython-3.11-windows-x86_64-none\Lib\threading.py", line 1045, in _bootstrap_inner
  File "C:\Users\xenoa\AppData\Roaming\uv\python\cpython-3.11-windows-x86_64-none\Lib\threading.py", line 1045, in _bootstrap_inner
  File "C:\Users\xenoa\AppData\Roaming\uv\python\cpython-3.11-windows-x86_64-none\Lib\threading.py", line 1045, in _bootstrap_inner
    self.run()
    self.run()
  File "C:\Users\xenoa\AppData\Roaming\uv\python\cpython-3.11-windows-x86_64-none\Lib\threading.py", line 982, in run
  File "C:\Users\xenoa\AppData\Roaming\uv\python\cpython-3.11-windows-x86_64-none\Lib\threading.py", line 982, in run
    self.run()
    self._target(*self._args, **self._kwargs)
  File "C:\Users\xenoa\AppData\Roaming\uv\python\cpython-3.11-windows-x86_64-none\Lib\threading.py", line 982, in run
TypeError: main.<locals>.synth_worker() missing 1 required positional argument: 'wid'
    self._target(*self._args, **self._kwargs)
    self._target(*self._args, **self._kwargs)
TypeError: main.<locals>.synth_worker() missing 1 required positional argument: 'wid'
TypeError: main.<locals>.synth_worker() missing 1 required positional argument: 'wid'
Exception in thread Thread-227 (synth_worker):
Traceback (most recent call last):
Exception in thread Thread-228 (synth_worker):
Traceback (most recent call last):
Exception in thread Thread-229 (synth_worker):
Traceback (most recent call last):
  File "C:\Users\xenoa\AppData\Roaming\uv\python\cpython-3.11-windows-x86_64-none\Lib\threading.py", line 1045, in _bootstrap_inner
  File "C:\Users\xenoa\AppData\Roaming\uv\python\cpython-3.11-windows-x86_64-none\Lib\threading.py", line 1045, in _bootstrap_inner
  File "C:\Users\xenoa\AppData\Roaming\uv\python\cpython-3.11-windows-x86_64-none\Lib\threading.py", line 1045, in _bootstrap_inner
    self.run()
    self.run()
  File "C:\Users\xenoa\AppData\Roaming\uv\python\cpython-3.11-windows-x86_64-none\Lib\threading.py", line 982, in run
  File "C:\Users\xenoa\AppData\Roaming\uv\python\cpython-3.11-windows-x86_64-none\Lib\threading.py", line 982, in run
    self.run()
    self._target(*self._args, **self._kwargs)
TypeError: main.<locals>.synth_worker() missing 1 required positional argument: 'wid'
    self._target(*self._args, **self._kwargs)
  File "C:\Users\xenoa\AppData\Roaming\uv\python\cpython-3.11-windows-x86_64-none\Lib\threading.py", line 982, in run
TypeError: main.<locals>.synth_worker() missing 1 required positional argument: 'wid'
    self._target(*self._args, **self._kwargs)
TypeError: main.<locals>.synth_worker() missing 1 required positional argument: 'wid'
Exception in thread Thread-230 (synth_worker):
Traceback (most recent call last):
Exception in thread Thread-232 (synth_worker):
Traceback (most recent call last):
  File "C:\Users\xenoa\AppData\Roaming\uv\python\cpython-3.11-windows-x86_64-none\Lib\threading.py", line 1045, in _bootstrap_inner
Exception in thread Thread-231 (synth_worker):
Traceback (most recent call last):
  File "C:\Users\xenoa\AppData\Roaming\uv\python\cpython-3.11-windows-x86_64-none\Lib\threading.py", line 1045, in _bootstrap_inner
  File "C:\Users\xenoa\AppData\Roaming\uv\python\cpython-3.11-windows-x86_64-none\Lib\threading.py", line 1045, in _bootstrap_inner
    self.run()
    self.run()
    self.run()
  File "C:\Users\xenoa\AppData\Roaming\uv\python\cpython-3.11-windows-x86_64-none\Lib\threading.py", line 982, in run
  File "C:\Users\xenoa\AppData\Roaming\uv\python\cpython-3.11-windows-x86_64-none\Lib\threading.py", line 982, in run
  File "C:\Users\xenoa\AppData\Roaming\uv\python\cpython-3.11-windows-x86_64-none\Lib\threading.py", line 982, in run
    self._target(*self._args, **self._kwargs)
TypeError: main.<locals>.synth_worker() missing 1 required positional argument: 'wid'
    self._target(*self._args, **self._kwargs)
    self._target(*self._args, **self._kwargs)
TypeError: main.<locals>.synth_worker() missing 1 required positional argument: 'wid'
TypeError: main.<locals>.synth_worker() missing 1 required positional argument: 'wid'
Exception in thread Thread-233 (synth_worker):
Exception in thread Thread-234 (synth_worker):
Traceback (most recent call last):
Traceback (most recent call last):
  File "C:\Users\xenoa\AppData\Roaming\uv\python\cpython-3.11-windows-x86_64-none\Lib\threading.py", line 1045, in _bootstrap_inner
  File "C:\Users\xenoa\AppData\Roaming\uv\python\cpython-3.11-windows-x86_64-none\Lib\threading.py", line 1045, in _bootstrap_inner
Exception in thread Thread-235 (synth_worker):
Traceback (most recent call last):
    self.run()
  File "C:\Users\xenoa\AppData\Roaming\uv\python\cpython-3.11-windows-x86_64-none\Lib\threading.py", line 1045, in _bootstrap_inner
  File "C:\Users\xenoa\AppData\Roaming\uv\python\cpython-3.11-windows-x86_64-none\Lib\threading.py", line 982, in run
    self.run()
  File "C:\Users\xenoa\AppData\Roaming\uv\python\cpython-3.11-windows-x86_64-none\Lib\threading.py", line 982, in run
    self._target(*self._args, **self._kwargs)
TypeError: main.<locals>.synth_worker() missing 1 required positional argument: 'wid'
    self.run()
    self._target(*self._args, **self._kwargs)
  File "C:\Users\xenoa\AppData\Roaming\uv\python\cpython-3.11-windows-x86_64-none\Lib\threading.py", line 982, in run
TypeError: main.<locals>.synth_worker() missing 1 required positional argument: 'wid'
    self._target(*self._args, **self._kwargs)
TypeError: main.<locals>.synth_worker() missing 1 required positional argument: 'wid'
Exception in thread Thread-236 (synth_worker):
Traceback (most recent call last):
Exception in thread Thread-238 (synth_worker):
Traceback (most recent call last):
  File "C:\Users\xenoa\AppData\Roaming\uv\python\cpython-3.11-windows-x86_64-none\Lib\threading.py", line 1045, in _bootstrap_inner
Exception in thread Thread-237 (synth_worker):
Traceback (most recent call last):
  File "C:\Users\xenoa\AppData\Roaming\uv\python\cpython-3.11-windows-x86_64-none\Lib\threading.py", line 1045, in _bootstrap_inner
  File "C:\Users\xenoa\AppData\Roaming\uv\python\cpython-3.11-windows-x86_64-none\Lib\threading.py", line 1045, in _bootstrap_inner
    self.run()
    self.run()
  File "C:\Users\xenoa\AppData\Roaming\uv\python\cpython-3.11-windows-x86_64-none\Lib\threading.py", line 982, in run
  File "C:\Users\xenoa\AppData\Roaming\uv\python\cpython-3.11-windows-x86_64-none\Lib\threading.py", line 982, in run
    self.run()
  File "C:\Users\xenoa\AppData\Roaming\uv\python\cpython-3.11-windows-x86_64-none\Lib\threading.py", line 982, in run
    self._target(*self._args, **self._kwargs)
    self._target(*self._args, **self._kwargs)
TypeError: main.<locals>.synth_worker() missing 1 required positional argument: 'wid'
TypeError: main.<locals>.synth_worker() missing 1 required positional argument: 'wid'
    self._target(*self._args, **self._kwargs)
TypeError: main.<locals>.synth_worker() missing 1 required positional argument: 'wid'
Exception in thread Thread-239 (synth_worker):
Exception in thread Thread-240 (synth_worker):
Traceback (most recent call last):
Traceback (most recent call last):
Exception in thread Thread-241 (synth_worker):
  File "C:\Users\xenoa\AppData\Roaming\uv\python\cpython-3.11-windows-x86_64-none\Lib\threading.py", line 1045, in _bootstrap_inner
Traceback (most recent call last):
  File "C:\Users\xenoa\AppData\Roaming\uv\python\cpython-3.11-windows-x86_64-none\Lib\threading.py", line 1045, in _bootstrap_inner
  File "C:\Users\xenoa\AppData\Roaming\uv\python\cpython-3.11-windows-x86_64-none\Lib\threading.py", line 1045, in _bootstrap_inner
    self.run()
  File "C:\Users\xenoa\AppData\Roaming\uv\python\cpython-3.11-windows-x86_64-none\Lib\threading.py", line 982, in run
    self.run()
  File "C:\Users\xenoa\AppData\Roaming\uv\python\cpython-3.11-windows-x86_64-none\Lib\threading.py", line 982, in run
    self.run()
    self._target(*self._args, **self._kwargs)
  File "C:\Users\xenoa\AppData\Roaming\uv\python\cpython-3.11-windows-x86_64-none\Lib\threading.py", line 982, in run
TypeError: main.<locals>.synth_worker() missing 1 required positional argument: 'wid'
    self._target(*self._args, **self._kwargs)
TypeError: main.<locals>.synth_worker() missing 1 required positional argument: 'wid'
    self._target(*self._args, **self._kwargs)
TypeError: main.<locals>.synth_worker() missing 1 required positional argument: 'wid'
Exception in thread Thread-242 (synth_worker):
Exception in thread Thread-243 (synth_worker):
Traceback (most recent call last):
Traceback (most recent call last):
  File "C:\Users\xenoa\AppData\Roaming\uv\python\cpython-3.11-windows-x86_64-none\Lib\threading.py", line 1045, in _bootstrap_inner
  File "C:\Users\xenoa\AppData\Roaming\uv\python\cpython-3.11-windows-x86_64-none\Lib\threading.py", line 1045, in _bootstrap_inner
Exception in thread Thread-244 (synth_worker):
Traceback (most recent call last):
  File "C:\Users\xenoa\AppData\Roaming\uv\python\cpython-3.11-windows-x86_64-none\Lib\threading.py", line 1045, in _bootstrap_inner
    self.run()
    self.run()
    self.run()
  File "C:\Users\xenoa\AppData\Roaming\uv\python\cpython-3.11-windows-x86_64-none\Lib\threading.py", line 982, in run
  File "C:\Users\xenoa\AppData\Roaming\uv\python\cpython-3.11-windows-x86_64-none\Lib\threading.py", line 982, in run
  File "C:\Users\xenoa\AppData\Roaming\uv\python\cpython-3.11-windows-x86_64-none\Lib\threading.py", line 982, in run
    self._target(*self._args, **self._kwargs)
TypeError: main.<locals>.synth_worker() missing 1 required positional argument: 'wid'
    self._target(*self._args, **self._kwargs)
TypeError: main.<locals>.synth_worker() missing 1 required positional argument: 'wid'
    self._target(*self._args, **self._kwargs)
TypeError: main.<locals>.synth_worker() missing 1 required positional argument: 'wid'
Exception in thread Thread-245 (synth_worker):
Exception in thread Thread-246 (synth_worker):
Traceback (most recent call last):
Traceback (most recent call last):
  File "C:\Users\xenoa\AppData\Roaming\uv\python\cpython-3.11-windows-x86_64-none\Lib\threading.py", line 1045, in _bootstrap_inner
  File "C:\Users\xenoa\AppData\Roaming\uv\python\cpython-3.11-windows-x86_64-none\Lib\threading.py", line 1045, in _bootstrap_inner
Exception in thread Thread-247 (synth_worker):
Traceback (most recent call last):
    self.run()
  File "C:\Users\xenoa\AppData\Roaming\uv\python\cpython-3.11-windows-x86_64-none\Lib\threading.py", line 1045, in _bootstrap_inner
  File "C:\Users\xenoa\AppData\Roaming\uv\python\cpython-3.11-windows-x86_64-none\Lib\threading.py", line 982, in run
    self.run()
  File "C:\Users\xenoa\AppData\Roaming\uv\python\cpython-3.11-windows-x86_64-none\Lib\threading.py", line 982, in run
    self.run()
    self._target(*self._args, **self._kwargs)
  File "C:\Users\xenoa\AppData\Roaming\uv\python\cpython-3.11-windows-x86_64-none\Lib\threading.py", line 982, in run
    self._target(*self._args, **self._kwargs)
TypeError: main.<locals>.synth_worker() missing 1 required positional argument: 'wid'
    self._target(*self._args, **self._kwargs)
TypeError: main.<locals>.synth_worker() missing 1 required positional argument: 'wid'
TypeError: main.<locals>.synth_worker() missing 1 required positional argument: 'wid'
Exception in thread Thread-248 (synth_worker):
Traceback (most recent call last):
  File "C:\Users\xenoa\AppData\Roaming\uv\python\cpython-3.11-windows-x86_64-none\Lib\threading.py", line 1045, in _bootstrap_inner
Exception in thread Thread-249 (synth_worker):
Traceback (most recent call last):
  File "C:\Users\xenoa\AppData\Roaming\uv\python\cpython-3.11-windows-x86_64-none\Lib\threading.py", line 1045, in _bootstrap_inner
Exception in thread Thread-250 (synth_worker):
Traceback (most recent call last):
    self.run()
  File "C:\Users\xenoa\AppData\Roaming\uv\python\cpython-3.11-windows-x86_64-none\Lib\threading.py", line 1045, in _bootstrap_inner
  File "C:\Users\xenoa\AppData\Roaming\uv\python\cpython-3.11-windows-x86_64-none\Lib\threading.py", line 982, in run
    self.run()
  File "C:\Users\xenoa\AppData\Roaming\uv\python\cpython-3.11-windows-x86_64-none\Lib\threading.py", line 982, in run
    self.run()
  File "C:\Users\xenoa\AppData\Roaming\uv\python\cpython-3.11-windows-x86_64-none\Lib\threading.py", line 982, in run
    self._target(*self._args, **self._kwargs)
    self._target(*self._args, **self._kwargs)
TypeError: main.<locals>.synth_worker() missing 1 required positional argument: 'wid'
    self._target(*self._args, **self._kwargs)
TypeError: main.<locals>.synth_worker() missing 1 required positional argument: 'wid'
TypeError: main.<locals>.synth_worker() missing 1 required positional argument: 'wid'
Exception in thread Thread-251 (synth_worker):
Exception in thread Thread-252 (synth_worker):
Traceback (most recent call last):
Traceback (most recent call last):
  File "C:\Users\xenoa\AppData\Roaming\uv\python\cpython-3.11-windows-x86_64-none\Lib\threading.py", line 1045, in _bootstrap_inner
  File "C:\Users\xenoa\AppData\Roaming\uv\python\cpython-3.11-windows-x86_64-none\Lib\threading.py", line 1045, in _bootstrap_inner
Exception in thread Thread-253 (synth_worker):
Traceback (most recent call last):
    self.run()
  File "C:\Users\xenoa\AppData\Roaming\uv\python\cpython-3.11-windows-x86_64-none\Lib\threading.py", line 1045, in _bootstrap_inner
  File "C:\Users\xenoa\AppData\Roaming\uv\python\cpython-3.11-windows-x86_64-none\Lib\threading.py", line 982, in run
    self.run()
  File "C:\Users\xenoa\AppData\Roaming\uv\python\cpython-3.11-windows-x86_64-none\Lib\threading.py", line 982, in run
    self.run()
    self._target(*self._args, **self._kwargs)
  File "C:\Users\xenoa\AppData\Roaming\uv\python\cpython-3.11-windows-x86_64-none\Lib\threading.py", line 982, in run
TypeError: main.<locals>.synth_worker() missing 1 required positional argument: 'wid'
    self._target(*self._args, **self._kwargs)
    self._target(*self._args, **self._kwargs)
TypeError: main.<locals>.synth_worker() missing 1 required positional argument: 'wid'
TypeError: main.<locals>.synth_worker() missing 1 required positional argument: 'wid'
Exception in thread Thread-254 (synth_worker):
Traceback (most recent call last):
  File "C:\Users\xenoa\AppData\Roaming\uv\python\cpython-3.11-windows-x86_64-none\Lib\threading.py", line 1045, in _bootstrap_inner
    self.run()
  File "C:\Users\xenoa\AppData\Roaming\uv\python\cpython-3.11-windows-x86_64-none\Lib\threading.py", line 982, in run
    self._target(*self._args, **self._kwargs)
TypeError: main.<locals>.synth_worker() missing 1 required positional argument: 'wid'
Exception in thread Thread-255 (synth_worker):
Traceback (most recent call last):
  File "C:\Users\xenoa\AppData\Roaming\uv\python\cpython-3.11-windows-x86_64-none\Lib\threading.py", line 1045, in _bootstrap_inner
    self.run()
  File "C:\Users\xenoa\AppData\Roaming\uv\python\cpython-3.11-windows-x86_64-none\Lib\threading.py", line 982, in run
    self._target(*self._args, **self._kwargs)
TypeError: main.<locals>.synth_worker() missing 1 required positional argument: 'wid'
Exception in thread Thread-256 (synth_worker):
Traceback (most recent call last):
  File "C:\Users\xenoa\AppData\Roaming\uv\python\cpython-3.11-windows-x86_64-none\Lib\threading.py", line 1045, in _bootstrap_inner
    self.run()
  File "C:\Users\xenoa\AppData\Roaming\uv\python\cpython-3.11-windows-x86_64-none\Lib\threading.py", line 982, in run
    self._target(*self._args, **self._kwargs)
TypeError: main.<locals>.synth_worker() missing 1 required positional argument: 'wid'
Exception in thread Thread-257 (synth_worker):
Traceback (most recent call last):
  File "C:\Users\xenoa\AppData\Roaming\uv\python\cpython-3.11-windows-x86_64-none\Lib\threading.py", line 1045, in _bootstrap_inner
Exception in thread Thread-258 (synth_worker):
Traceback (most recent call last):
    self.run()
Exception in thread Thread-259 (synth_worker):
  File "C:\Users\xenoa\AppData\Roaming\uv\python\cpython-3.11-windows-x86_64-none\Lib\threading.py", line 982, in run
Traceback (most recent call last):
  File "C:\Users\xenoa\AppData\Roaming\uv\python\cpython-3.11-windows-x86_64-none\Lib\threading.py", line 1045, in _bootstrap_inner
  File "C:\Users\xenoa\AppData\Roaming\uv\python\cpython-3.11-windows-x86_64-none\Lib\threading.py", line 1045, in _bootstrap_inner
    self._target(*self._args, **self._kwargs)
    self.run()
TypeError: main.<locals>.synth_worker() missing 1 required positional argument: 'wid'
  File "C:\Users\xenoa\AppData\Roaming\uv\python\cpython-3.11-windows-x86_64-none\Lib\threading.py", line 982, in run
    self.run()
  File "C:\Users\xenoa\AppData\Roaming\uv\python\cpython-3.11-windows-x86_64-none\Lib\threading.py", line 982, in run
    self._target(*self._args, **self._kwargs)
TypeError: main.<locals>.synth_worker() missing 1 required positional argument: 'wid'
    self._target(*self._args, **self._kwargs)
TypeError: main.<locals>.synth_worker() missing 1 required positional argument: 'wid'
Exception in thread Thread-260 (synth_worker):
Exception in thread Thread-261 (synth_worker):
Traceback (most recent call last):
Traceback (most recent call last):
  File "C:\Users\xenoa\AppData\Roaming\uv\python\cpython-3.11-windows-x86_64-none\Lib\threading.py", line 1045, in _bootstrap_inner
  File "C:\Users\xenoa\AppData\Roaming\uv\python\cpython-3.11-windows-x86_64-none\Lib\threading.py", line 1045, in _bootstrap_inner
Exception in thread Thread-262 (synth_worker):
Traceback (most recent call last):
    self.run()
  File "C:\Users\xenoa\AppData\Roaming\uv\python\cpython-3.11-windows-x86_64-none\Lib\threading.py", line 1045, in _bootstrap_inner
  File "C:\Users\xenoa\AppData\Roaming\uv\python\cpython-3.11-windows-x86_64-none\Lib\threading.py", line 982, in run
    self.run()
  File "C:\Users\xenoa\AppData\Roaming\uv\python\cpython-3.11-windows-x86_64-none\Lib\threading.py", line 982, in run
    self.run()
  File "C:\Users\xenoa\AppData\Roaming\uv\python\cpython-3.11-windows-x86_64-none\Lib\threading.py", line 982, in run
    self._target(*self._args, **self._kwargs)
    self._target(*self._args, **self._kwargs)
TypeError: main.<locals>.synth_worker() missing 1 required positional argument: 'wid'
TypeError: main.<locals>.synth_worker() missing 1 required positional argument: 'wid'
    self._target(*self._args, **self._kwargs)
TypeError: main.<locals>.synth_worker() missing 1 required positional argument: 'wid'
Exception in thread Thread-263 (synth_worker):
Traceback (most recent call last):
Exception in thread Thread-264 (synth_worker):
Exception in thread Thread-265 (synth_worker):
Traceback (most recent call last):
Traceback (most recent call last):
  File "C:\Users\xenoa\AppData\Roaming\uv\python\cpython-3.11-windows-x86_64-none\Lib\threading.py", line 1045, in _bootstrap_inner
  File "C:\Users\xenoa\AppData\Roaming\uv\python\cpython-3.11-windows-x86_64-none\Lib\threading.py", line 1045, in _bootstrap_inner
  File "C:\Users\xenoa\AppData\Roaming\uv\python\cpython-3.11-windows-x86_64-none\Lib\threading.py", line 1045, in _bootstrap_inner
    self.run()
  File "C:\Users\xenoa\AppData\Roaming\uv\python\cpython-3.11-windows-x86_64-none\Lib\threading.py", line 982, in run
    self.run()
    self.run()
  File "C:\Users\xenoa\AppData\Roaming\uv\python\cpython-3.11-windows-x86_64-none\Lib\threading.py", line 982, in run
    self._target(*self._args, **self._kwargs)
  File "C:\Users\xenoa\AppData\Roaming\uv\python\cpython-3.11-windows-x86_64-none\Lib\threading.py", line 982, in run
TypeError: main.<locals>.synth_worker() missing 1 required positional argument: 'wid'
    self._target(*self._args, **self._kwargs)
    self._target(*self._args, **self._kwargs)
TypeError: main.<locals>.synth_worker() missing 1 required positional argument: 'wid'
TypeError: main.<locals>.synth_worker() missing 1 required positional argument: 'wid'
Exception in thread Thread-266 (synth_worker):
Exception in thread Thread-267 (synth_worker):
Traceback (most recent call last):
Traceback (most recent call last):
  File "C:\Users\xenoa\AppData\Roaming\uv\python\cpython-3.11-windows-x86_64-none\Lib\threading.py", line 1045, in _bootstrap_inner
  File "C:\Users\xenoa\AppData\Roaming\uv\python\cpython-3.11-windows-x86_64-none\Lib\threading.py", line 1045, in _bootstrap_inner
Exception in thread Thread-268 (synth_worker):
Traceback (most recent call last):
    self.run()
  File "C:\Users\xenoa\AppData\Roaming\uv\python\cpython-3.11-windows-x86_64-none\Lib\threading.py", line 1045, in _bootstrap_inner
  File "C:\Users\xenoa\AppData\Roaming\uv\python\cpython-3.11-windows-x86_64-none\Lib\threading.py", line 982, in run
    self.run()
    self.run()
  File "C:\Users\xenoa\AppData\Roaming\uv\python\cpython-3.11-windows-x86_64-none\Lib\threading.py", line 982, in run
  File "C:\Users\xenoa\AppData\Roaming\uv\python\cpython-3.11-windows-x86_64-none\Lib\threading.py", line 982, in run
    self._target(*self._args, **self._kwargs)
    self._target(*self._args, **self._kwargs)
TypeError: main.<locals>.synth_worker() missing 1 required positional argument: 'wid'
TypeError: main.<locals>.synth_worker() missing 1 required positional argument: 'wid'
    self._target(*self._args, **self._kwargs)
TypeError: main.<locals>.synth_worker() missing 1 required positional argument: 'wid'
Exception in thread Thread-269 (synth_worker):
Exception in thread Thread-270 (synth_worker):
Traceback (most recent call last):
Traceback (most recent call last):
  File "C:\Users\xenoa\AppData\Roaming\uv\python\cpython-3.11-windows-x86_64-none\Lib\threading.py", line 1045, in _bootstrap_inner
    self.run()
  File "C:\Users\xenoa\AppData\Roaming\uv\python\cpython-3.11-windows-x86_64-none\Lib\threading.py", line 982, in run
Exception in thread Thread-271 (synth_worker):
    self._target(*self._args, **self._kwargs)
Traceback (most recent call last):
  File "C:\Users\xenoa\AppData\Roaming\uv\python\cpython-3.11-windows-x86_64-none\Lib\threading.py", line 1045, in _bootstrap_inner
  File "C:\Users\xenoa\AppData\Roaming\uv\python\cpython-3.11-windows-x86_64-none\Lib\threading.py", line 1045, in _bootstrap_inner
TypeError: main.<locals>.synth_worker() missing 1 required positional argument: 'wid'
    self.run()
  File "C:\Users\xenoa\AppData\Roaming\uv\python\cpython-3.11-windows-x86_64-none\Lib\threading.py", line 982, in run
    self.run()
  File "C:\Users\xenoa\AppData\Roaming\uv\python\cpython-3.11-windows-x86_64-none\Lib\threading.py", line 982, in run
    self._target(*self._args, **self._kwargs)
TypeError: main.<locals>.synth_worker() missing 1 required positional argument: 'wid'
    self._target(*self._args, **self._kwargs)
TypeError: main.<locals>.synth_worker() missing 1 required positional argument: 'wid'
Exception in thread Thread-272 (synth_worker):
Exception in thread Thread-273 (synth_worker):
Traceback (most recent call last):
Traceback (most recent call last):
Exception in thread Thread-274 (synth_worker):
Traceback (most recent call last):
  File "C:\Users\xenoa\AppData\Roaming\uv\python\cpython-3.11-windows-x86_64-none\Lib\threading.py", line 1045, in _bootstrap_inner
  File "C:\Users\xenoa\AppData\Roaming\uv\python\cpython-3.11-windows-x86_64-none\Lib\threading.py", line 1045, in _bootstrap_inner
  File "C:\Users\xenoa\AppData\Roaming\uv\python\cpython-3.11-windows-x86_64-none\Lib\threading.py", line 1045, in _bootstrap_inner
    self.run()
    self.run()
  File "C:\Users\xenoa\AppData\Roaming\uv\python\cpython-3.11-windows-x86_64-none\Lib\threading.py", line 982, in run
  File "C:\Users\xenoa\AppData\Roaming\uv\python\cpython-3.11-windows-x86_64-none\Lib\threading.py", line 982, in run
    self.run()
    self._target(*self._args, **self._kwargs)
  File "C:\Users\xenoa\AppData\Roaming\uv\python\cpython-3.11-windows-x86_64-none\Lib\threading.py", line 982, in run
TypeError: main.<locals>.synth_worker() missing 1 required positional argument: 'wid'
    self._target(*self._args, **self._kwargs)
TypeError: main.<locals>.synth_worker() missing 1 required positional argument: 'wid'
    self._target(*self._args, **self._kwargs)
TypeError: main.<locals>.synth_worker() missing 1 required positional argument: 'wid'
Exception in thread Thread-275 (synth_worker):
Exception in thread Thread-276 (synth_worker):
Traceback (most recent call last):
Traceback (most recent call last):
  File "C:\Users\xenoa\AppData\Roaming\uv\python\cpython-3.11-windows-x86_64-none\Lib\threading.py", line 1045, in _bootstrap_inner
  File "C:\Users\xenoa\AppData\Roaming\uv\python\cpython-3.11-windows-x86_64-none\Lib\threading.py", line 1045, in _bootstrap_inner
Exception in thread Thread-277 (synth_worker):
Traceback (most recent call last):
  File "C:\Users\xenoa\AppData\Roaming\uv\python\cpython-3.11-windows-x86_64-none\Lib\threading.py", line 1045, in _bootstrap_inner
    self.run()
  File "C:\Users\xenoa\AppData\Roaming\uv\python\cpython-3.11-windows-x86_64-none\Lib\threading.py", line 982, in run
    self.run()
    self.run()
  File "C:\Users\xenoa\AppData\Roaming\uv\python\cpython-3.11-windows-x86_64-none\Lib\threading.py", line 982, in run
  File "C:\Users\xenoa\AppData\Roaming\uv\python\cpython-3.11-windows-x86_64-none\Lib\threading.py", line 982, in run
    self._target(*self._args, **self._kwargs)
TypeError: main.<locals>.synth_worker() missing 1 required positional argument: 'wid'
    self._target(*self._args, **self._kwargs)
    self._target(*self._args, **self._kwargs)
TypeError: main.<locals>.synth_worker() missing 1 required positional argument: 'wid'
TypeError: main.<locals>.synth_worker() missing 1 required positional argument: 'wid'
Exception in thread Thread-278 (synth_worker):
Exception in thread Thread-279 (synth_worker):
Traceback (most recent call last):
Traceback (most recent call last):
  File "C:\Users\xenoa\AppData\Roaming\uv\python\cpython-3.11-windows-x86_64-none\Lib\threading.py", line 1045, in _bootstrap_inner
  File "C:\Users\xenoa\AppData\Roaming\uv\python\cpython-3.11-windows-x86_64-none\Lib\threading.py", line 1045, in _bootstrap_inner
Exception in thread Thread-280 (synth_worker):
Traceback (most recent call last):
  File "C:\Users\xenoa\AppData\Roaming\uv\python\cpython-3.11-windows-x86_64-none\Lib\threading.py", line 1045, in _bootstrap_inner
    self.run()
    self.run()
  File "C:\Users\xenoa\AppData\Roaming\uv\python\cpython-3.11-windows-x86_64-none\Lib\threading.py", line 982, in run
    self.run()
  File "C:\Users\xenoa\AppData\Roaming\uv\python\cpython-3.11-windows-x86_64-none\Lib\threading.py", line 982, in run
  File "C:\Users\xenoa\AppData\Roaming\uv\python\cpython-3.11-windows-x86_64-none\Lib\threading.py", line 982, in run
    self._target(*self._args, **self._kwargs)
TypeError: main.<locals>.synth_worker() missing 1 required positional argument: 'wid'
    self._target(*self._args, **self._kwargs)
    self._target(*self._args, **self._kwargs)
TypeError: main.<locals>.synth_worker() missing 1 required positional argument: 'wid'
TypeError: main.<locals>.synth_worker() missing 1 required positional argument: 'wid'
Exception in thread Thread-281 (synth_worker):
Exception in thread Thread-282 (synth_worker):
Traceback (most recent call last):
Traceback (most recent call last):
  File "C:\Users\xenoa\AppData\Roaming\uv\python\cpython-3.11-windows-x86_64-none\Lib\threading.py", line 1045, in _bootstrap_inner
  File "C:\Users\xenoa\AppData\Roaming\uv\python\cpython-3.11-windows-x86_64-none\Lib\threading.py", line 1045, in _bootstrap_inner
Exception in thread Thread-283 (synth_worker):
Traceback (most recent call last):
    self.run()
  File "C:\Users\xenoa\AppData\Roaming\uv\python\cpython-3.11-windows-x86_64-none\Lib\threading.py", line 1045, in _bootstrap_inner
  File "C:\Users\xenoa\AppData\Roaming\uv\python\cpython-3.11-windows-x86_64-none\Lib\threading.py", line 982, in run
    self.run()
    self.run()
  File "C:\Users\xenoa\AppData\Roaming\uv\python\cpython-3.11-windows-x86_64-none\Lib\threading.py", line 982, in run
  File "C:\Users\xenoa\AppData\Roaming\uv\python\cpython-3.11-windows-x86_64-none\Lib\threading.py", line 982, in run
    self._target(*self._args, **self._kwargs)
    self._target(*self._args, **self._kwargs)
TypeError: main.<locals>.synth_worker() missing 1 required positional argument: 'wid'
TypeError: main.<locals>.synth_worker() missing 1 required positional argument: 'wid'
    self._target(*self._args, **self._kwargs)
TypeError: main.<locals>.synth_worker() missing 1 required positional argument: 'wid'
Exception in thread Thread-284 (synth_worker):
Exception in thread Thread-285 (synth_worker):
Traceback (most recent call last):
Traceback (most recent call last):
  File "C:\Users\xenoa\AppData\Roaming\uv\python\cpython-3.11-windows-x86_64-none\Lib\threading.py", line 1045, in _bootstrap_inner
  File "C:\Users\xenoa\AppData\Roaming\uv\python\cpython-3.11-windows-x86_64-none\Lib\threading.py", line 1045, in _bootstrap_inner
Exception in thread Thread-286 (synth_worker):
    self.run()
Traceback (most recent call last):
  File "C:\Users\xenoa\AppData\Roaming\uv\python\cpython-3.11-windows-x86_64-none\Lib\threading.py", line 982, in run
  File "C:\Users\xenoa\AppData\Roaming\uv\python\cpython-3.11-windows-x86_64-none\Lib\threading.py", line 1045, in _bootstrap_inner
    self.run()
  File "C:\Users\xenoa\AppData\Roaming\uv\python\cpython-3.11-windows-x86_64-none\Lib\threading.py", line 982, in run
    self._target(*self._args, **self._kwargs)
TypeError: main.<locals>.synth_worker() missing 1 required positional argument: 'wid'
    self.run()
    self._target(*self._args, **self._kwargs)
  File "C:\Users\xenoa\AppData\Roaming\uv\python\cpython-3.11-windows-x86_64-none\Lib\threading.py", line 982, in run
TypeError: main.<locals>.synth_worker() missing 1 required positional argument: 'wid'
    self._target(*self._args, **self._kwargs)
TypeError: main.<locals>.synth_worker() missing 1 required positional argument: 'wid'
Exception in thread Thread-287 (synth_worker):
Exception in thread Thread-288 (synth_worker):
Traceback (most recent call last):
Traceback (most recent call last):
  File "C:\Users\xenoa\AppData\Roaming\uv\python\cpython-3.11-windows-x86_64-none\Lib\threading.py", line 1045, in _bootstrap_inner
  File "C:\Users\xenoa\AppData\Roaming\uv\python\cpython-3.11-windows-x86_64-none\Lib\threading.py", line 1045, in _bootstrap_inner
Exception in thread Thread-289 (synth_worker):
Traceback (most recent call last):
  File "C:\Users\xenoa\AppData\Roaming\uv\python\cpython-3.11-windows-x86_64-none\Lib\threading.py", line 1045, in _bootstrap_inner
    self.run()
    self.run()
  File "C:\Users\xenoa\AppData\Roaming\uv\python\cpython-3.11-windows-x86_64-none\Lib\threading.py", line 982, in run
  File "C:\Users\xenoa\AppData\Roaming\uv\python\cpython-3.11-windows-x86_64-none\Lib\threading.py", line 982, in run
    self.run()
  File "C:\Users\xenoa\AppData\Roaming\uv\python\cpython-3.11-windows-x86_64-none\Lib\threading.py", line 982, in run
    self._target(*self._args, **self._kwargs)
TypeError: main.<locals>.synth_worker() missing 1 required positional argument: 'wid'
    self._target(*self._args, **self._kwargs)
    self._target(*self._args, **self._kwargs)
TypeError: main.<locals>.synth_worker() missing 1 required positional argument: 'wid'
TypeError: main.<locals>.synth_worker() missing 1 required positional argument: 'wid'
Exception in thread Thread-290 (synth_worker):
Exception in thread Thread-291 (synth_worker):
Traceback (most recent call last):
  File "C:\Users\xenoa\AppData\Roaming\uv\python\cpython-3.11-windows-x86_64-none\Lib\threading.py", line 1045, in _bootstrap_inner
Traceback (most recent call last):
  File "C:\Users\xenoa\AppData\Roaming\uv\python\cpython-3.11-windows-x86_64-none\Lib\threading.py", line 1045, in _bootstrap_inner
    self.run()
  File "C:\Users\xenoa\AppData\Roaming\uv\python\cpython-3.11-windows-x86_64-none\Lib\threading.py", line 982, in run
Exception in thread Thread-292 (synth_worker):
    self.run()
Traceback (most recent call last):
  File "C:\Users\xenoa\AppData\Roaming\uv\python\cpython-3.11-windows-x86_64-none\Lib\threading.py", line 1045, in _bootstrap_inner
  File "C:\Users\xenoa\AppData\Roaming\uv\python\cpython-3.11-windows-x86_64-none\Lib\threading.py", line 982, in run
    self._target(*self._args, **self._kwargs)
TypeError: main.<locals>.synth_worker() missing 1 required positional argument: 'wid'
    self.run()
  File "C:\Users\xenoa\AppData\Roaming\uv\python\cpython-3.11-windows-x86_64-none\Lib\threading.py", line 982, in run
    self._target(*self._args, **self._kwargs)
TypeError: main.<locals>.synth_worker() missing 1 required positional argument: 'wid'
    self._target(*self._args, **self._kwargs)
TypeError: main.<locals>.synth_worker() missing 1 required positional argument: 'wid'
Exception in thread Thread-293 (synth_worker):
Exception in thread Thread-294 (synth_worker):
Traceback (most recent call last):
Traceback (most recent call last):
  File "C:\Users\xenoa\AppData\Roaming\uv\python\cpython-3.11-windows-x86_64-none\Lib\threading.py", line 1045, in _bootstrap_inner
  File "C:\Users\xenoa\AppData\Roaming\uv\python\cpython-3.11-windows-x86_64-none\Lib\threading.py", line 1045, in _bootstrap_inner
Exception in thread Thread-295 (synth_worker):
    self.run()
Traceback (most recent call last):
    self.run()
  File "C:\Users\xenoa\AppData\Roaming\uv\python\cpython-3.11-windows-x86_64-none\Lib\threading.py", line 1045, in _bootstrap_inner
  File "C:\Users\xenoa\AppData\Roaming\uv\python\cpython-3.11-windows-x86_64-none\Lib\threading.py", line 982, in run
  File "C:\Users\xenoa\AppData\Roaming\uv\python\cpython-3.11-windows-x86_64-none\Lib\threading.py", line 982, in run
    self.run()
  File "C:\Users\xenoa\AppData\Roaming\uv\python\cpython-3.11-windows-x86_64-none\Lib\threading.py", line 982, in run
    self._target(*self._args, **self._kwargs)
TypeError: main.<locals>.synth_worker() missing 1 required positional argument: 'wid'
    self._target(*self._args, **self._kwargs)
    self._target(*self._args, **self._kwargs)
TypeError: main.<locals>.synth_worker() missing 1 required positional argument: 'wid'
TypeError: main.<locals>.synth_worker() missing 1 required positional argument: 'wid'
Exception in thread Thread-296 (synth_worker):
Exception in thread Thread-297 (synth_worker):
Traceback (most recent call last):
Traceback (most recent call last):
Exception in thread Thread-298 (synth_worker):
  File "C:\Users\xenoa\AppData\Roaming\uv\python\cpython-3.11-windows-x86_64-none\Lib\threading.py", line 1045, in _bootstrap_inner
Traceback (most recent call last):
  File "C:\Users\xenoa\AppData\Roaming\uv\python\cpython-3.11-windows-x86_64-none\Lib\threading.py", line 1045, in _bootstrap_inner
  File "C:\Users\xenoa\AppData\Roaming\uv\python\cpython-3.11-windows-x86_64-none\Lib\threading.py", line 1045, in _bootstrap_inner
    self.run()
  File "C:\Users\xenoa\AppData\Roaming\uv\python\cpython-3.11-windows-x86_64-none\Lib\threading.py", line 982, in run
    self.run()
    self._target(*self._args, **self._kwargs)
    self.run()
TypeError: main.<locals>.synth_worker() missing 1 required positional argument: 'wid'
  File "C:\Users\xenoa\AppData\Roaming\uv\python\cpython-3.11-windows-x86_64-none\Lib\threading.py", line 982, in run
  File "C:\Users\xenoa\AppData\Roaming\uv\python\cpython-3.11-windows-x86_64-none\Lib\threading.py", line 982, in run
    self._target(*self._args, **self._kwargs)
TypeError: main.<locals>.synth_worker() missing 1 required positional argument: 'wid'
    self._target(*self._args, **self._kwargs)
TypeError: main.<locals>.synth_worker() missing 1 required positional argument: 'wid'
Exception in thread Thread-299 (synth_worker):
Exception in thread Thread-300 (synth_worker):
Traceback (most recent call last):
Traceback (most recent call last):
  File "C:\Users\xenoa\AppData\Roaming\uv\python\cpython-3.11-windows-x86_64-none\Lib\threading.py", line 1045, in _bootstrap_inner
  File "C:\Users\xenoa\AppData\Roaming\uv\python\cpython-3.11-windows-x86_64-none\Lib\threading.py", line 1045, in _bootstrap_inner
Exception in thread Thread-301 (synth_worker):
Traceback (most recent call last):
  File "C:\Users\xenoa\AppData\Roaming\uv\python\cpython-3.11-windows-x86_64-none\Lib\threading.py", line 1045, in _bootstrap_inner
    self.run()
    self.run()
  File "C:\Users\xenoa\AppData\Roaming\uv\python\cpython-3.11-windows-x86_64-none\Lib\threading.py", line 982, in run
  File "C:\Users\xenoa\AppData\Roaming\uv\python\cpython-3.11-windows-x86_64-none\Lib\threading.py", line 982, in run
    self.run()
  File "C:\Users\xenoa\AppData\Roaming\uv\python\cpython-3.11-windows-x86_64-none\Lib\threading.py", line 982, in run
    self._target(*self._args, **self._kwargs)
    self._target(*self._args, **self._kwargs)
TypeError: main.<locals>.synth_worker() missing 1 required positional argument: 'wid'
    self._target(*self._args, **self._kwargs)
TypeError: main.<locals>.synth_worker() missing 1 required positional argument: 'wid'
TypeError: main.<locals>.synth_worker() missing 1 required positional argument: 'wid'
Exception in thread Thread-302 (synth_worker):
Traceback (most recent call last):
Exception in thread Thread-304 (synth_worker):
Traceback (most recent call last):
  File "C:\Users\xenoa\AppData\Roaming\uv\python\cpython-3.11-windows-x86_64-none\Lib\threading.py", line 1045, in _bootstrap_inner
Exception in thread Thread-303 (synth_worker):
  File "C:\Users\xenoa\AppData\Roaming\uv\python\cpython-3.11-windows-x86_64-none\Lib\threading.py", line 1045, in _bootstrap_inner
Traceback (most recent call last):
  File "C:\Users\xenoa\AppData\Roaming\uv\python\cpython-3.11-windows-x86_64-none\Lib\threading.py", line 1045, in _bootstrap_inner
    self.run()
  File "C:\Users\xenoa\AppData\Roaming\uv\python\cpython-3.11-windows-x86_64-none\Lib\threading.py", line 982, in run
    self.run()
  File "C:\Users\xenoa\AppData\Roaming\uv\python\cpython-3.11-windows-x86_64-none\Lib\threading.py", line 982, in run
    self.run()
    self._target(*self._args, **self._kwargs)
  File "C:\Users\xenoa\AppData\Roaming\uv\python\cpython-3.11-windows-x86_64-none\Lib\threading.py", line 982, in run
    self._target(*self._args, **self._kwargs)
TypeError: main.<locals>.synth_worker() missing 1 required positional argument: 'wid'
TypeError: main.<locals>.synth_worker() missing 1 required positional argument: 'wid'
    self._target(*self._args, **self._kwargs)
TypeError: main.<locals>.synth_worker() missing 1 required positional argument: 'wid'
Exception in thread Thread-305 (synth_worker):
Exception in thread Thread-306 (synth_worker):
Traceback (most recent call last):
Traceback (most recent call last):
  File "C:\Users\xenoa\AppData\Roaming\uv\python\cpython-3.11-windows-x86_64-none\Lib\threading.py", line 1045, in _bootstrap_inner
  File "C:\Users\xenoa\AppData\Roaming\uv\python\cpython-3.11-windows-x86_64-none\Lib\threading.py", line 1045, in _bootstrap_inner
Exception in thread Thread-307 (synth_worker):
    self.run()
Traceback (most recent call last):
  File "C:\Users\xenoa\AppData\Roaming\uv\python\cpython-3.11-windows-x86_64-none\Lib\threading.py", line 982, in run
  File "C:\Users\xenoa\AppData\Roaming\uv\python\cpython-3.11-windows-x86_64-none\Lib\threading.py", line 1045, in _bootstrap_inner
    self.run()
  File "C:\Users\xenoa\AppData\Roaming\uv\python\cpython-3.11-windows-x86_64-none\Lib\threading.py", line 982, in run
    self._target(*self._args, **self._kwargs)
    self.run()
TypeError: main.<locals>.synth_worker() missing 1 required positional argument: 'wid'
    self._target(*self._args, **self._kwargs)
  File "C:\Users\xenoa\AppData\Roaming\uv\python\cpython-3.11-windows-x86_64-none\Lib\threading.py", line 982, in run
TypeError: main.<locals>.synth_worker() missing 1 required positional argument: 'wid'
    self._target(*self._args, **self._kwargs)
TypeError: main.<locals>.synth_worker() missing 1 required positional argument: 'wid'
Exception in thread Thread-308 (synth_worker):
Exception in thread Thread-309 (synth_worker):
Traceback (most recent call last):
Traceback (most recent call last):
  File "C:\Users\xenoa\AppData\Roaming\uv\python\cpython-3.11-windows-x86_64-none\Lib\threading.py", line 1045, in _bootstrap_inner
  File "C:\Users\xenoa\AppData\Roaming\uv\python\cpython-3.11-windows-x86_64-none\Lib\threading.py", line 1045, in _bootstrap_inner
Exception in thread Thread-310 (synth_worker):
Traceback (most recent call last):
  File "C:\Users\xenoa\AppData\Roaming\uv\python\cpython-3.11-windows-x86_64-none\Lib\threading.py", line 1045, in _bootstrap_inner
    self.run()
    self.run()
  File "C:\Users\xenoa\AppData\Roaming\uv\python\cpython-3.11-windows-x86_64-none\Lib\threading.py", line 982, in run
  File "C:\Users\xenoa\AppData\Roaming\uv\python\cpython-3.11-windows-x86_64-none\Lib\threading.py", line 982, in run
    self.run()
  File "C:\Users\xenoa\AppData\Roaming\uv\python\cpython-3.11-windows-x86_64-none\Lib\threading.py", line 982, in run
    self._target(*self._args, **self._kwargs)
    self._target(*self._args, **self._kwargs)
TypeError: main.<locals>.synth_worker() missing 1 required positional argument: 'wid'
TypeError: main.<locals>.synth_worker() missing 1 required positional argument: 'wid'
    self._target(*self._args, **self._kwargs)
TypeError: main.<locals>.synth_worker() missing 1 required positional argument: 'wid'
Exception in thread Thread-311 (synth_worker):
Traceback (most recent call last):
  File "C:\Users\xenoa\AppData\Roaming\uv\python\cpython-3.11-windows-x86_64-none\Lib\threading.py", line 1045, in _bootstrap_inner
Exception in thread Thread-312 (synth_worker):
Traceback (most recent call last):
  File "C:\Users\xenoa\AppData\Roaming\uv\python\cpython-3.11-windows-x86_64-none\Lib\threading.py", line 1045, in _bootstrap_inner
Exception in thread Thread-313 (synth_worker):
Traceback (most recent call last):
    self.run()
  File "C:\Users\xenoa\AppData\Roaming\uv\python\cpython-3.11-windows-x86_64-none\Lib\threading.py", line 1045, in _bootstrap_inner
  File "C:\Users\xenoa\AppData\Roaming\uv\python\cpython-3.11-windows-x86_64-none\Lib\threading.py", line 982, in run
    self.run()
  File "C:\Users\xenoa\AppData\Roaming\uv\python\cpython-3.11-windows-x86_64-none\Lib\threading.py", line 982, in run
    self.run()
    self._target(*self._args, **self._kwargs)
    self._target(*self._args, **self._kwargs)
TypeError: main.<locals>.synth_worker() missing 1 required positional argument: 'wid'
TypeError: main.<locals>.synth_worker() missing 1 required positional argument: 'wid'
  File "C:\Users\xenoa\AppData\Roaming\uv\python\cpython-3.11-windows-x86_64-none\Lib\threading.py", line 982, in run
    self._target(*self._args, **self._kwargs)
TypeError: main.<locals>.synth_worker() missing 1 required positional argument: 'wid'
Exception in thread Thread-314 (synth_worker):
Traceback (most recent call last):
Exception in thread Thread-316 (synth_worker):
Traceback (most recent call last):
  File "C:\Users\xenoa\AppData\Roaming\uv\python\cpython-3.11-windows-x86_64-none\Lib\threading.py", line 1045, in _bootstrap_inner
  File "C:\Users\xenoa\AppData\Roaming\uv\python\cpython-3.11-windows-x86_64-none\Lib\threading.py", line 1045, in _bootstrap_inner
Exception in thread Thread-315 (synth_worker):
    self.run()
    self.run()
  File "C:\Users\xenoa\AppData\Roaming\uv\python\cpython-3.11-windows-x86_64-none\Lib\threading.py", line 982, in run
  File "C:\Users\xenoa\AppData\Roaming\uv\python\cpython-3.11-windows-x86_64-none\Lib\threading.py", line 982, in run
Traceback (most recent call last):
  File "C:\Users\xenoa\AppData\Roaming\uv\python\cpython-3.11-windows-x86_64-none\Lib\threading.py", line 1045, in _bootstrap_inner
    self._target(*self._args, **self._kwargs)
    self._target(*self._args, **self._kwargs)
TypeError: main.<locals>.synth_worker() missing 1 required positional argument: 'wid'
    self.run()
  File "C:\Users\xenoa\AppData\Roaming\uv\python\cpython-3.11-windows-x86_64-none\Lib\threading.py", line 982, in run
    self._target(*self._args, **self._kwargs)
TypeError: main.<locals>.synth_worker() missing 1 required positional argument: 'wid'
TypeError: main.<locals>.synth_worker() missing 1 required positional argument: 'wid'
Exception in thread Thread-317 (synth_worker):
Exception in thread Thread-318 (synth_worker):
Traceback (most recent call last):
Traceback (most recent call last):
  File "C:\Users\xenoa\AppData\Roaming\uv\python\cpython-3.11-windows-x86_64-none\Lib\threading.py", line 1045, in _bootstrap_inner
  File "C:\Users\xenoa\AppData\Roaming\uv\python\cpython-3.11-windows-x86_64-none\Lib\threading.py", line 1045, in _bootstrap_inner
Exception in thread Thread-319 (synth_worker):
Traceback (most recent call last):
  File "C:\Users\xenoa\AppData\Roaming\uv\python\cpython-3.11-windows-x86_64-none\Lib\threading.py", line 1045, in _bootstrap_inner
    self.run()
    self.run()
  File "C:\Users\xenoa\AppData\Roaming\uv\python\cpython-3.11-windows-x86_64-none\Lib\threading.py", line 982, in run
  File "C:\Users\xenoa\AppData\Roaming\uv\python\cpython-3.11-windows-x86_64-none\Lib\threading.py", line 982, in run
    self.run()
  File "C:\Users\xenoa\AppData\Roaming\uv\python\cpython-3.11-windows-x86_64-none\Lib\threading.py", line 982, in run
    self._target(*self._args, **self._kwargs)
TypeError: main.<locals>.synth_worker() missing 1 required positional argument: 'wid'
    self._target(*self._args, **self._kwargs)
TypeError: main.<locals>.synth_worker() missing 1 required positional argument: 'wid'
    self._target(*self._args, **self._kwargs)
TypeError: main.<locals>.synth_worker() missing 1 required positional argument: 'wid'
Exception in thread Thread-320 (synth_worker):
Traceback (most recent call last):
  File "C:\Users\xenoa\AppData\Roaming\uv\python\cpython-3.11-windows-x86_64-none\Lib\threading.py", line 1045, in _bootstrap_inner
    self.run()
  File "C:\Users\xenoa\AppData\Roaming\uv\python\cpython-3.11-windows-x86_64-none\Lib\threading.py", line 982, in run
    self._target(*self._args, **self._kwargs)
TypeError: main.<locals>.synth_worker() missing 1 required positional argument: 'wid'
Exception in thread Thread-321 (synth_worker):
Traceback (most recent call last):
  File "C:\Users\xenoa\AppData\Roaming\uv\python\cpython-3.11-windows-x86_64-none\Lib\threading.py", line 1045, in _bootstrap_inner
    self.run()
  File "C:\Users\xenoa\AppData\Roaming\uv\python\cpython-3.11-windows-x86_64-none\Lib\threading.py", line 982, in run
    self._target(*self._args, **self._kwargs)
TypeError: main.<locals>.synth_worker() missing 1 required positional argument: 'wid'
Exception in thread Thread-322 (synth_worker):
Traceback (most recent call last):
  File "C:\Users\xenoa\AppData\Roaming\uv\python\cpython-3.11-windows-x86_64-none\Lib\threading.py", line 1045, in _bootstrap_inner
    self.run()
  File "C:\Users\xenoa\AppData\Roaming\uv\python\cpython-3.11-windows-x86_64-none\Lib\threading.py", line 982, in run
    self._target(*self._args, **self._kwargs)
TypeError: main.<locals>.synth_worker() missing 1 required positional argument: 'wid'
Exception in thread Thread-323 (synth_worker):
Exception in thread Thread-324 (synth_worker):
Traceback (most recent call last):
Traceback (most recent call last):
  File "C:\Users\xenoa\AppData\Roaming\uv\python\cpython-3.11-windows-x86_64-none\Lib\threading.py", line 1045, in _bootstrap_inner
Exception in thread Thread-325 (synth_worker):
Traceback (most recent call last):
  File "C:\Users\xenoa\AppData\Roaming\uv\python\cpython-3.11-windows-x86_64-none\Lib\threading.py", line 1045, in _bootstrap_inner
    self.run()
  File "C:\Users\xenoa\AppData\Roaming\uv\python\cpython-3.11-windows-x86_64-none\Lib\threading.py", line 982, in run
    self.run()
  File "C:\Users\xenoa\AppData\Roaming\uv\python\cpython-3.11-windows-x86_64-none\Lib\threading.py", line 982, in run
  File "C:\Users\xenoa\AppData\Roaming\uv\python\cpython-3.11-windows-x86_64-none\Lib\threading.py", line 1045, in _bootstrap_inner
    self._target(*self._args, **self._kwargs)
    self._target(*self._args, **self._kwargs)
TypeError: main.<locals>.synth_worker() missing 1 required positional argument: 'wid'
TypeError: main.<locals>.synth_worker() missing 1 required positional argument: 'wid'
    self.run()
  File "C:\Users\xenoa\AppData\Roaming\uv\python\cpython-3.11-windows-x86_64-none\Lib\threading.py", line 982, in run
    self._target(*self._args, **self._kwargs)
TypeError: main.<locals>.synth_worker() missing 1 required positional argument: 'wid'
Exception in thread Thread-326 (synth_worker):
Exception in thread Thread-327 (synth_worker):
Traceback (most recent call last):
Traceback (most recent call last):
  File "C:\Users\xenoa\AppData\Roaming\uv\python\cpython-3.11-windows-x86_64-none\Lib\threading.py", line 1045, in _bootstrap_inner
  File "C:\Users\xenoa\AppData\Roaming\uv\python\cpython-3.11-windows-x86_64-none\Lib\threading.py", line 1045, in _bootstrap_inner
Exception in thread Thread-328 (synth_worker):
Traceback (most recent call last):
    self.run()
  File "C:\Users\xenoa\AppData\Roaming\uv\python\cpython-3.11-windows-x86_64-none\Lib\threading.py", line 1045, in _bootstrap_inner
  File "C:\Users\xenoa\AppData\Roaming\uv\python\cpython-3.11-windows-x86_64-none\Lib\threading.py", line 982, in run
    self.run()
  File "C:\Users\xenoa\AppData\Roaming\uv\python\cpython-3.11-windows-x86_64-none\Lib\threading.py", line 982, in run
    self.run()
    self._target(*self._args, **self._kwargs)
  File "C:\Users\xenoa\AppData\Roaming\uv\python\cpython-3.11-windows-x86_64-none\Lib\threading.py", line 982, in run
TypeError: main.<locals>.synth_worker() missing 1 required positional argument: 'wid'
    self._target(*self._args, **self._kwargs)
    self._target(*self._args, **self._kwargs)
TypeError: main.<locals>.synth_worker() missing 1 required positional argument: 'wid'
TypeError: main.<locals>.synth_worker() missing 1 required positional argument: 'wid'
Exception in thread Thread-329 (synth_worker):
Traceback (most recent call last):
  File "C:\Users\xenoa\AppData\Roaming\uv\python\cpython-3.11-windows-x86_64-none\Lib\threading.py", line 1045, in _bootstrap_inner
    self.run()
  File "C:\Users\xenoa\AppData\Roaming\uv\python\cpython-3.11-windows-x86_64-none\Lib\threading.py", line 982, in run
    self._target(*self._args, **self._kwargs)
TypeError: main.<locals>.synth_worker() missing 1 required positional argument: 'wid'
Exception in thread Thread-330 (synth_worker):
Traceback (most recent call last):
  File "C:\Users\xenoa\AppData\Roaming\uv\python\cpython-3.11-windows-x86_64-none\Lib\threading.py", line 1045, in _bootstrap_inner
    self.run()
  File "C:\Users\xenoa\AppData\Roaming\uv\python\cpython-3.11-windows-x86_64-none\Lib\threading.py", line 982, in run
Exception in thread Thread-331 (synth_worker):
Traceback (most recent call last):
  File "C:\Users\xenoa\AppData\Roaming\uv\python\cpython-3.11-windows-x86_64-none\Lib\threading.py", line 1045, in _bootstrap_inner
    self._target(*self._args, **self._kwargs)
    self.run()
  File "C:\Users\xenoa\AppData\Roaming\uv\python\cpython-3.11-windows-x86_64-none\Lib\threading.py", line 982, in run
TypeError: main.<locals>.synth_worker() missing 1 required positional argument: 'wid'
    self._target(*self._args, **self._kwargs)
TypeError: main.<locals>.synth_worker() missing 1 required positional argument: 'wid'
Exception in thread Thread-332 (synth_worker):
Traceback (most recent call last):
  File "C:\Users\xenoa\AppData\Roaming\uv\python\cpython-3.11-windows-x86_64-none\Lib\threading.py", line 1045, in _bootstrap_inner
    self.run()
  File "C:\Users\xenoa\AppData\Roaming\uv\python\cpython-3.11-windows-x86_64-none\Lib\threading.py", line 982, in run
    self._target(*self._args, **self._kwargs)
TypeError: main.<locals>.synth_worker() missing 1 required positional argument: 'wid'
Exception in thread Thread-333 (synth_worker):
Traceback (most recent call last):
  File "C:\Users\xenoa\AppData\Roaming\uv\python\cpython-3.11-windows-x86_64-none\Lib\threading.py", line 1045, in _bootstrap_inner
    self.run()
  File "C:\Users\xenoa\AppData\Roaming\uv\python\cpython-3.11-windows-x86_64-none\Lib\threading.py", line 982, in run
    self._target(*self._args, **self._kwargs)
TypeError: main.<locals>.synth_worker() missing 1 required positional argument: 'wid'
Exception in thread Thread-334 (synth_worker):
Traceback (most recent call last):
  File "C:\Users\xenoa\AppData\Roaming\uv\python\cpython-3.11-windows-x86_64-none\Lib\threading.py", line 1045, in _bootstrap_inner
    self.run()
  File "C:\Users\xenoa\AppData\Roaming\uv\python\cpython-3.11-windows-x86_64-none\Lib\threading.py", line 982, in run
    self._target(*self._args, **self._kwargs)
TypeError: main.<locals>.synth_worker() missing 1 required positional argument: 'wid'
Exception in thread Thread-335 (synth_worker):
Traceback (most recent call last):
  File "C:\Users\xenoa\AppData\Roaming\uv\python\cpython-3.11-windows-x86_64-none\Lib\threading.py", line 1045, in _bootstrap_inner
    self.run()
  File "C:\Users\xenoa\AppData\Roaming\uv\python\cpython-3.11-windows-x86_64-none\Lib\threading.py", line 982, in run
    self._target(*self._args, **self._kwargs)
TypeError: main.<locals>.synth_worker() missing 1 required positional argument: 'wid'
Exception in thread Thread-336 (synth_worker):
Traceback (most recent call last):
  File "C:\Users\xenoa\AppData\Roaming\uv\python\cpython-3.11-windows-x86_64-none\Lib\threading.py", line 1045, in _bootstrap_inner
    self.run()
  File "C:\Users\xenoa\AppData\Roaming\uv\python\cpython-3.11-windows-x86_64-none\Lib\threading.py", line 982, in run
    self._target(*self._args, **self._kwargs)
TypeError: main.<locals>.synth_worker() missing 1 required positional argument: 'wid'
Exception in thread Thread-337 (synth_worker):
Traceback (most recent call last):
  File "C:\Users\xenoa\AppData\Roaming\uv\python\cpython-3.11-windows-x86_64-none\Lib\threading.py", line 1045, in _bootstrap_inner
    self.run()
  File "C:\Users\xenoa\AppData\Roaming\uv\python\cpython-3.11-windows-x86_64-none\Lib\threading.py", line 982, in run
    self._target(*self._args, **self._kwargs)
TypeError: main.<locals>.synth_worker() missing 1 required positional argument: 'wid'
Exception in thread Thread-338 (synth_worker):
Traceback (most recent call last):
  File "C:\Users\xenoa\AppData\Roaming\uv\python\cpython-3.11-windows-x86_64-none\Lib\threading.py", line 1045, in _bootstrap_inner
    self.run()
  File "C:\Users\xenoa\AppData\Roaming\uv\python\cpython-3.11-windows-x86_64-none\Lib\threading.py", line 982, in run
    self._target(*self._args, **self._kwargs)
TypeError: main.<locals>.synth_worker() missing 1 required positional argument: 'wid'
Exception in thread Thread-339 (synth_worker):
Traceback (most recent call last):
  File "C:\Users\xenoa\AppData\Roaming\uv\python\cpython-3.11-windows-x86_64-none\Lib\threading.py", line 1045, in _bootstrap_inner
    self.run()
  File "C:\Users\xenoa\AppData\Roaming\uv\python\cpython-3.11-windows-x86_64-none\Lib\threading.py", line 982, in run
    self._target(*self._args, **self._kwargs)
TypeError: main.<locals>.synth_worker() missing 1 required positional argument: 'wid'
Exception in thread Thread-340 (synth_worker):
Traceback (most recent call last):
  File "C:\Users\xenoa\AppData\Roaming\uv\python\cpython-3.11-windows-x86_64-none\Lib\threading.py", line 1045, in _bootstrap_inner
    self.run()
  File "C:\Users\xenoa\AppData\Roaming\uv\python\cpython-3.11-windows-x86_64-none\Lib\threading.py", line 982, in run
    self._target(*self._args, **self._kwargs)
TypeError: main.<locals>.synth_worker() missing 1 required positional argument: 'wid'
Exception in thread Thread-341 (synth_worker):
Traceback (most recent call last):
  File "C:\Users\xenoa\AppData\Roaming\uv\python\cpython-3.11-windows-x86_64-none\Lib\threading.py", line 1045, in _bootstrap_inner
    self.run()
  File "C:\Users\xenoa\AppData\Roaming\uv\python\cpython-3.11-windows-x86_64-none\Lib\threading.py", line 982, in run
    self._target(*self._args, **self._kwargs)
TypeError: main.<locals>.synth_worker() missing 1 required positional argument: 'wid'
Exception in thread Thread-342 (synth_worker):
Traceback (most recent call last):
  File "C:\Users\xenoa\AppData\Roaming\uv\python\cpython-3.11-windows-x86_64-none\Lib\threading.py", line 1045, in _bootstrap_inner
    self.run()
  File "C:\Users\xenoa\AppData\Roaming\uv\python\cpython-3.11-windows-x86_64-none\Lib\threading.py", line 982, in run
    self._target(*self._args, **self._kwargs)
TypeError: main.<locals>.synth_worker() missing 1 required positional argument: 'wid'
Exception in thread Thread-343 (synth_worker):
Traceback (most recent call last):
  File "C:\Users\xenoa\AppData\Roaming\uv\python\cpython-3.11-windows-x86_64-none\Lib\threading.py", line 1045, in _bootstrap_inner
    self.run()
  File "C:\Users\xenoa\AppData\Roaming\uv\python\cpython-3.11-windows-x86_64-none\Lib\threading.py", line 982, in run
    self._target(*self._args, **self._kwargs)
TypeError: main.<locals>.synth_worker() missing 1 required positional argument: 'wid'
Exception in thread Thread-344 (synth_worker):
Traceback (most recent call last):
  File "C:\Users\xenoa\AppData\Roaming\uv\python\cpython-3.11-windows-x86_64-none\Lib\threading.py", line 1045, in _bootstrap_inner
    self.run()
  File "C:\Users\xenoa\AppData\Roaming\uv\python\cpython-3.11-windows-x86_64-none\Lib\threading.py", line 982, in run
    self._target(*self._args, **self._kwargs)
TypeError: main.<locals>.synth_worker() missing 1 required positional argument: 'wid'
Exception in thread Thread-345 (synth_worker):
Traceback (most recent call last):
  File "C:\Users\xenoa\AppData\Roaming\uv\python\cpython-3.11-windows-x86_64-none\Lib\threading.py", line 1045, in _bootstrap_inner
    self.run()
  File "C:\Users\xenoa\AppData\Roaming\uv\python\cpython-3.11-windows-x86_64-none\Lib\threading.py", line 982, in run
    self._target(*self._args, **self._kwargs)
TypeError: main.<locals>.synth_worker() missing 1 required positional argument: 'wid'
Exception in thread Thread-346 (synth_worker):
Traceback (most recent call last):
  File "C:\Users\xenoa\AppData\Roaming\uv\python\cpython-3.11-windows-x86_64-none\Lib\threading.py", line 1045, in _bootstrap_inner
    self.run()
  File "C:\Users\xenoa\AppData\Roaming\uv\python\cpython-3.11-windows-x86_64-none\Lib\threading.py", line 982, in run
    self._target(*self._args, **self._kwargs)
TypeError: main.<locals>.synth_worker() missing 1 required positional argument: 'wid'
Exception in thread Thread-347 (synth_worker):
Traceback (most recent call last):
  File "C:\Users\xenoa\AppData\Roaming\uv\python\cpython-3.11-windows-x86_64-none\Lib\threading.py", line 1045, in _bootstrap_inner
    self.run()
  File "C:\Users\xenoa\AppData\Roaming\uv\python\cpython-3.11-windows-x86_64-none\Lib\threading.py", line 982, in run
    self._target(*self._args, **self._kwargs)
TypeError: main.<locals>.synth_worker() missing 1 required positional argument: 'wid'
Exception in thread Thread-348 (synth_worker):
Traceback (most recent call last):
  File "C:\Users\xenoa\AppData\Roaming\uv\python\cpython-3.11-windows-x86_64-none\Lib\threading.py", line 1045, in _bootstrap_inner
    self.run()
  File "C:\Users\xenoa\AppData\Roaming\uv\python\cpython-3.11-windows-x86_64-none\Lib\threading.py", line 982, in run
    self._target(*self._args, **self._kwargs)
TypeError: main.<locals>.synth_worker() missing 1 required positional argument: 'wid'
Exception in thread Thread-349 (synth_worker):
Traceback (most recent call last):
  File "C:\Users\xenoa\AppData\Roaming\uv\python\cpython-3.11-windows-x86_64-none\Lib\threading.py", line 1045, in _bootstrap_inner
    self.run()
  File "C:\Users\xenoa\AppData\Roaming\uv\python\cpython-3.11-windows-x86_64-none\Lib\threading.py", line 982, in run
    self._target(*self._args, **self._kwargs)
TypeError: main.<locals>.synth_worker() missing 1 required positional argument: 'wid'
Exception in thread Thread-350 (synth_worker):
Traceback (most recent call last):
  File "C:\Users\xenoa\AppData\Roaming\uv\python\cpython-3.11-windows-x86_64-none\Lib\threading.py", line 1045, in _bootstrap_inner
    self.run()
  File "C:\Users\xenoa\AppData\Roaming\uv\python\cpython-3.11-windows-x86_64-none\Lib\threading.py", line 982, in run
    self._target(*self._args, **self._kwargs)
TypeError: main.<locals>.synth_worker() missing 1 required positional argument: 'wid'
Exception in thread Thread-351 (synth_worker):
Traceback (most recent call last):
  File "C:\Users\xenoa\AppData\Roaming\uv\python\cpython-3.11-windows-x86_64-none\Lib\threading.py", line 1045, in _bootstrap_inner
    self.run()
  File "C:\Users\xenoa\AppData\Roaming\uv\python\cpython-3.11-windows-x86_64-none\Lib\threading.py", line 982, in run
    self._target(*self._args, **self._kwargs)
TypeError: main.<locals>.synth_worker() missing 1 required positional argument: 'wid'
Exception in thread Thread-352 (synth_worker):
Traceback (most recent call last):
  File "C:\Users\xenoa\AppData\Roaming\uv\python\cpython-3.11-windows-x86_64-none\Lib\threading.py", line 1045, in _bootstrap_inner
    self.run()
  File "C:\Users\xenoa\AppData\Roaming\uv\python\cpython-3.11-windows-x86_64-none\Lib\threading.py", line 982, in run
    self._target(*self._args, **self._kwargs)
TypeError: main.<locals>.synth_worker() missing 1 required positional argument: 'wid'
Exception in thread Thread-353 (synth_worker):
Traceback (most recent call last):
  File "C:\Users\xenoa\AppData\Roaming\uv\python\cpython-3.11-windows-x86_64-none\Lib\threading.py", line 1045, in _bootstrap_inner
    self.run()
  File "C:\Users\xenoa\AppData\Roaming\uv\python\cpython-3.11-windows-x86_64-none\Lib\threading.py", line 982, in run
    self._target(*self._args, **self._kwargs)
TypeError: main.<locals>.synth_worker() missing 1 required positional argument: 'wid'
Exception in thread Thread-354 (synth_worker):
Traceback (most recent call last):
  File "C:\Users\xenoa\AppData\Roaming\uv\python\cpython-3.11-windows-x86_64-none\Lib\threading.py", line 1045, in _bootstrap_inner
    self.run()
  File "C:\Users\xenoa\AppData\Roaming\uv\python\cpython-3.11-windows-x86_64-none\Lib\threading.py", line 982, in run
    self._target(*self._args, **self._kwargs)
TypeError: main.<locals>.synth_worker() missing 1 required positional argument: 'wid'
Exception in thread Thread-355 (synth_worker):
Traceback (most recent call last):
  File "C:\Users\xenoa\AppData\Roaming\uv\python\cpython-3.11-windows-x86_64-none\Lib\threading.py", line 1045, in _bootstrap_inner
    self.run()
  File "C:\Users\xenoa\AppData\Roaming\uv\python\cpython-3.11-windows-x86_64-none\Lib\threading.py", line 982, in run
    self._target(*self._args, **self._kwargs)
TypeError: main.<locals>.synth_worker() missing 1 required positional argument: 'wid'
Exception in thread Thread-356 (synth_worker):
Traceback (most recent call last):
  File "C:\Users\xenoa\AppData\Roaming\uv\python\cpython-3.11-windows-x86_64-none\Lib\threading.py", line 1045, in _bootstrap_inner
    self.run()
  File "C:\Users\xenoa\AppData\Roaming\uv\python\cpython-3.11-windows-x86_64-none\Lib\threading.py", line 982, in run
    self._target(*self._args, **self._kwargs)
TypeError: main.<locals>.synth_worker() missing 1 required positional argument: 'wid'
Exception in thread Thread-357 (synth_worker):
Traceback (most recent call last):
  File "C:\Users\xenoa\AppData\Roaming\uv\python\cpython-3.11-windows-x86_64-none\Lib\threading.py", line 1045, in _bootstrap_inner
    self.run()
  File "C:\Users\xenoa\AppData\Roaming\uv\python\cpython-3.11-windows-x86_64-none\Lib\threading.py", line 982, in run
    self._target(*self._args, **self._kwargs)
TypeError: main.<locals>.synth_worker() missing 1 required positional argument: 'wid'
Exception in thread Thread-358 (synth_worker):
Traceback (most recent call last):
  File "C:\Users\xenoa\AppData\Roaming\uv\python\cpython-3.11-windows-x86_64-none\Lib\threading.py", line 1045, in _bootstrap_inner
    self.run()
  File "C:\Users\xenoa\AppData\Roaming\uv\python\cpython-3.11-windows-x86_64-none\Lib\threading.py", line 982, in run
    self._target(*self._args, **self._kwargs)
TypeError: main.<locals>.synth_worker() missing 1 required positional argument: 'wid'
Exception in thread Thread-359 (synth_worker):
Traceback (most recent call last):
  File "C:\Users\xenoa\AppData\Roaming\uv\python\cpython-3.11-windows-x86_64-none\Lib\threading.py", line 1045, in _bootstrap_inner
    self.run()
  File "C:\Users\xenoa\AppData\Roaming\uv\python\cpython-3.11-windows-x86_64-none\Lib\threading.py", line 982, in run
    self._target(*self._args, **self._kwargs)
TypeError: main.<locals>.synth_worker() missing 1 required positional argument: 'wid'
Exception in thread Thread-360 (synth_worker):
Traceback (most recent call last):
  File "C:\Users\xenoa\AppData\Roaming\uv\python\cpython-3.11-windows-x86_64-none\Lib\threading.py", line 1045, in _bootstrap_inner
    self.run()
  File "C:\Users\xenoa\AppData\Roaming\uv\python\cpython-3.11-windows-x86_64-none\Lib\threading.py", line 982, in run
    self._target(*self._args, **self._kwargs)
TypeError: main.<locals>.synth_worker() missing 1 required positional argument: 'wid'
Exception in thread Thread-361 (synth_worker):
Traceback (most recent call last):
  File "C:\Users\xenoa\AppData\Roaming\uv\python\cpython-3.11-windows-x86_64-none\Lib\threading.py", line 1045, in _bootstrap_inner
    self.run()
  File "C:\Users\xenoa\AppData\Roaming\uv\python\cpython-3.11-windows-x86_64-none\Lib\threading.py", line 982, in run
    self._target(*self._args, **self._kwargs)
TypeError: main.<locals>.synth_worker() missing 1 required positional argument: 'wid'
Exception in thread Thread-362 (synth_worker):
Exception in thread Thread-363 (synth_worker):
Traceback (most recent call last):
  File "C:\Users\xenoa\AppData\Roaming\uv\python\cpython-3.11-windows-x86_64-none\Lib\threading.py", line 1045, in _bootstrap_inner
Traceback (most recent call last):
Exception in thread Thread-364 (synth_worker):
Traceback (most recent call last):
  File "C:\Users\xenoa\AppData\Roaming\uv\python\cpython-3.11-windows-x86_64-none\Lib\threading.py", line 1045, in _bootstrap_inner
  File "C:\Users\xenoa\AppData\Roaming\uv\python\cpython-3.11-windows-x86_64-none\Lib\threading.py", line 1045, in _bootstrap_inner
    self.run()
    self.run()
  File "C:\Users\xenoa\AppData\Roaming\uv\python\cpython-3.11-windows-x86_64-none\Lib\threading.py", line 982, in run
  File "C:\Users\xenoa\AppData\Roaming\uv\python\cpython-3.11-windows-x86_64-none\Lib\threading.py", line 982, in run
    self.run()
    self._target(*self._args, **self._kwargs)
  File "C:\Users\xenoa\AppData\Roaming\uv\python\cpython-3.11-windows-x86_64-none\Lib\threading.py", line 982, in run
TypeError: main.<locals>.synth_worker() missing 1 required positional argument: 'wid'
    self._target(*self._args, **self._kwargs)
    self._target(*self._args, **self._kwargs)
TypeError: main.<locals>.synth_worker() missing 1 required positional argument: 'wid'
TypeError: main.<locals>.synth_worker() missing 1 required positional argument: 'wid'
Exception in thread Thread-365 (synth_worker):
Traceback (most recent call last):
  File "C:\Users\xenoa\AppData\Roaming\uv\python\cpython-3.11-windows-x86_64-none\Lib\threading.py", line 1045, in _bootstrap_inner
Exception in thread Thread-366 (synth_worker):
Exception in thread Thread-367 (synth_worker):
Traceback (most recent call last):
Traceback (most recent call last):
  File "C:\Users\xenoa\AppData\Roaming\uv\python\cpython-3.11-windows-x86_64-none\Lib\threading.py", line 1045, in _bootstrap_inner
  File "C:\Users\xenoa\AppData\Roaming\uv\python\cpython-3.11-windows-x86_64-none\Lib\threading.py", line 1045, in _bootstrap_inner
    self.run()
    self.run()
  File "C:\Users\xenoa\AppData\Roaming\uv\python\cpython-3.11-windows-x86_64-none\Lib\threading.py", line 982, in run
  File "C:\Users\xenoa\AppData\Roaming\uv\python\cpython-3.11-windows-x86_64-none\Lib\threading.py", line 982, in run
    self.run()
  File "C:\Users\xenoa\AppData\Roaming\uv\python\cpython-3.11-windows-x86_64-none\Lib\threading.py", line 982, in run
    self._target(*self._args, **self._kwargs)
TypeError: main.<locals>.synth_worker() missing 1 required positional argument: 'wid'
    self._target(*self._args, **self._kwargs)
    self._target(*self._args, **self._kwargs)
TypeError: main.<locals>.synth_worker() missing 1 required positional argument: 'wid'
TypeError: main.<locals>.synth_worker() missing 1 required positional argument: 'wid'
Exception in thread Thread-368 (synth_worker):
Exception in thread Thread-369 (synth_worker):
Traceback (most recent call last):
Traceback (most recent call last):
  File "C:\Users\xenoa\AppData\Roaming\uv\python\cpython-3.11-windows-x86_64-none\Lib\threading.py", line 1045, in _bootstrap_inner
  File "C:\Users\xenoa\AppData\Roaming\uv\python\cpython-3.11-windows-x86_64-none\Lib\threading.py", line 1045, in _bootstrap_inner
Exception in thread Thread-370 (synth_worker):
Traceback (most recent call last):
    self.run()
  File "C:\Users\xenoa\AppData\Roaming\uv\python\cpython-3.11-windows-x86_64-none\Lib\threading.py", line 1045, in _bootstrap_inner
  File "C:\Users\xenoa\AppData\Roaming\uv\python\cpython-3.11-windows-x86_64-none\Lib\threading.py", line 982, in run
    self.run()
  File "C:\Users\xenoa\AppData\Roaming\uv\python\cpython-3.11-windows-x86_64-none\Lib\threading.py", line 982, in run
    self.run()
    self._target(*self._args, **self._kwargs)
  File "C:\Users\xenoa\AppData\Roaming\uv\python\cpython-3.11-windows-x86_64-none\Lib\threading.py", line 982, in run
TypeError: main.<locals>.synth_worker() missing 1 required positional argument: 'wid'
    self._target(*self._args, **self._kwargs)
TypeError: main.<locals>.synth_worker() missing 1 required positional argument: 'wid'
    self._target(*self._args, **self._kwargs)
TypeError: main.<locals>.synth_worker() missing 1 required positional argument: 'wid'
Exception in thread Thread-371 (synth_worker):
Exception in thread Thread-372 (synth_worker):
Traceback (most recent call last):
Traceback (most recent call last):
  File "C:\Users\xenoa\AppData\Roaming\uv\python\cpython-3.11-windows-x86_64-none\Lib\threading.py", line 1045, in _bootstrap_inner
    self.run()
  File "C:\Users\xenoa\AppData\Roaming\uv\python\cpython-3.11-windows-x86_64-none\Lib\threading.py", line 982, in run
Exception in thread Thread-373 (synth_worker):
Traceback (most recent call last):
  File "C:\Users\xenoa\AppData\Roaming\uv\python\cpython-3.11-windows-x86_64-none\Lib\threading.py", line 1045, in _bootstrap_inner
  File "C:\Users\xenoa\AppData\Roaming\uv\python\cpython-3.11-windows-x86_64-none\Lib\threading.py", line 1045, in _bootstrap_inner
    self._target(*self._args, **self._kwargs)
TypeError: main.<locals>.synth_worker() missing 1 required positional argument: 'wid'
    self.run()
  File "C:\Users\xenoa\AppData\Roaming\uv\python\cpython-3.11-windows-x86_64-none\Lib\threading.py", line 982, in run
    self.run()
  File "C:\Users\xenoa\AppData\Roaming\uv\python\cpython-3.11-windows-x86_64-none\Lib\threading.py", line 982, in run
    self._target(*self._args, **self._kwargs)
TypeError: main.<locals>.synth_worker() missing 1 required positional argument: 'wid'
    self._target(*self._args, **self._kwargs)
TypeError: main.<locals>.synth_worker() missing 1 required positional argument: 'wid'
Exception in thread Thread-374 (synth_worker):
Traceback (most recent call last):
  File "C:\Users\xenoa\AppData\Roaming\uv\python\cpython-3.11-windows-x86_64-none\Lib\threading.py", line 1045, in _bootstrap_inner
    self.run()
Exception in thread Thread-375 (synth_worker):
Traceback (most recent call last):
Exception in thread Thread-376 (synth_worker):
  File "C:\Users\xenoa\AppData\Roaming\uv\python\cpython-3.11-windows-x86_64-none\Lib\threading.py", line 1045, in _bootstrap_inner
Traceback (most recent call last):
  File "C:\Users\xenoa\AppData\Roaming\uv\python\cpython-3.11-windows-x86_64-none\Lib\threading.py", line 1045, in _bootstrap_inner
  File "C:\Users\xenoa\AppData\Roaming\uv\python\cpython-3.11-windows-x86_64-none\Lib\threading.py", line 982, in run
    self.run()
    self.run()
  File "C:\Users\xenoa\AppData\Roaming\uv\python\cpython-3.11-windows-x86_64-none\Lib\threading.py", line 982, in run
  File "C:\Users\xenoa\AppData\Roaming\uv\python\cpython-3.11-windows-x86_64-none\Lib\threading.py", line 982, in run
    self._target(*self._args, **self._kwargs)
TypeError: main.<locals>.synth_worker() missing 1 required positional argument: 'wid'
    self._target(*self._args, **self._kwargs)
    self._target(*self._args, **self._kwargs)
TypeError: main.<locals>.synth_worker() missing 1 required positional argument: 'wid'
TypeError: main.<locals>.synth_worker() missing 1 required positional argument: 'wid'
Exception in thread Thread-377 (synth_worker):
Exception in thread Thread-378 (synth_worker):
Traceback (most recent call last):
Traceback (most recent call last):
  File "C:\Users\xenoa\AppData\Roaming\uv\python\cpython-3.11-windows-x86_64-none\Lib\threading.py", line 1045, in _bootstrap_inner
  File "C:\Users\xenoa\AppData\Roaming\uv\python\cpython-3.11-windows-x86_64-none\Lib\threading.py", line 1045, in _bootstrap_inner
Exception in thread Thread-379 (synth_worker):
Traceback (most recent call last):
    self.run()
  File "C:\Users\xenoa\AppData\Roaming\uv\python\cpython-3.11-windows-x86_64-none\Lib\threading.py", line 982, in run
  File "C:\Users\xenoa\AppData\Roaming\uv\python\cpython-3.11-windows-x86_64-none\Lib\threading.py", line 1045, in _bootstrap_inner
    self._target(*self._args, **self._kwargs)
TypeError: main.<locals>.synth_worker() missing 1 required positional argument: 'wid'
    self.run()
  File "C:\Users\xenoa\AppData\Roaming\uv\python\cpython-3.11-windows-x86_64-none\Lib\threading.py", line 982, in run
    self.run()
  File "C:\Users\xenoa\AppData\Roaming\uv\python\cpython-3.11-windows-x86_64-none\Lib\threading.py", line 982, in run
    self._target(*self._args, **self._kwargs)
TypeError: main.<locals>.synth_worker() missing 1 required positional argument: 'wid'
    self._target(*self._args, **self._kwargs)
TypeError: main.<locals>.synth_worker() missing 1 required positional argument: 'wid'
Exception in thread Thread-380 (synth_worker):
Exception in thread Thread-381 (synth_worker):
Traceback (most recent call last):
Traceback (most recent call last):
  File "C:\Users\xenoa\AppData\Roaming\uv\python\cpython-3.11-windows-x86_64-none\Lib\threading.py", line 1045, in _bootstrap_inner
  File "C:\Users\xenoa\AppData\Roaming\uv\python\cpython-3.11-windows-x86_64-none\Lib\threading.py", line 1045, in _bootstrap_inner
Exception in thread Thread-382 (synth_worker):
Traceback (most recent call last):
  File "C:\Users\xenoa\AppData\Roaming\uv\python\cpython-3.11-windows-x86_64-none\Lib\threading.py", line 1045, in _bootstrap_inner
    self.run()
    self.run()
  File "C:\Users\xenoa\AppData\Roaming\uv\python\cpython-3.11-windows-x86_64-none\Lib\threading.py", line 982, in run
  File "C:\Users\xenoa\AppData\Roaming\uv\python\cpython-3.11-windows-x86_64-none\Lib\threading.py", line 982, in run
    self.run()
  File "C:\Users\xenoa\AppData\Roaming\uv\python\cpython-3.11-windows-x86_64-none\Lib\threading.py", line 982, in run
    self._target(*self._args, **self._kwargs)
    self._target(*self._args, **self._kwargs)
TypeError: main.<locals>.synth_worker() missing 1 required positional argument: 'wid'
TypeError: main.<locals>.synth_worker() missing 1 required positional argument: 'wid'
    self._target(*self._args, **self._kwargs)
TypeError: main.<locals>.synth_worker() missing 1 required positional argument: 'wid'
Exception in thread Thread-383 (synth_worker):
Exception in thread Thread-384 (synth_worker):
Traceback (most recent call last):
Traceback (most recent call last):
  File "C:\Users\xenoa\AppData\Roaming\uv\python\cpython-3.11-windows-x86_64-none\Lib\threading.py", line 1045, in _bootstrap_inner
  File "C:\Users\xenoa\AppData\Roaming\uv\python\cpython-3.11-windows-x86_64-none\Lib\threading.py", line 1045, in _bootstrap_inner
Exception in thread Thread-385 (synth_worker):
Traceback (most recent call last):
  File "C:\Users\xenoa\AppData\Roaming\uv\python\cpython-3.11-windows-x86_64-none\Lib\threading.py", line 1045, in _bootstrap_inner
    self.run()
    self.run()
  File "C:\Users\xenoa\AppData\Roaming\uv\python\cpython-3.11-windows-x86_64-none\Lib\threading.py", line 982, in run
    self.run()
  File "C:\Users\xenoa\AppData\Roaming\uv\python\cpython-3.11-windows-x86_64-none\Lib\threading.py", line 982, in run
    self._target(*self._args, **self._kwargs)
  File "C:\Users\xenoa\AppData\Roaming\uv\python\cpython-3.11-windows-x86_64-none\Lib\threading.py", line 982, in run
TypeError: main.<locals>.synth_worker() missing 1 required positional argument: 'wid'
    self._target(*self._args, **self._kwargs)
TypeError: main.<locals>.synth_worker() missing 1 required positional argument: 'wid'
    self._target(*self._args, **self._kwargs)
TypeError: main.<locals>.synth_worker() missing 1 required positional argument: 'wid'
Exception in thread Thread-386 (synth_worker):
Exception in thread Thread-387 (synth_worker):
Traceback (most recent call last):
Traceback (most recent call last):
  File "C:\Users\xenoa\AppData\Roaming\uv\python\cpython-3.11-windows-x86_64-none\Lib\threading.py", line 1045, in _bootstrap_inner
Exception in thread Thread-388 (synth_worker):
  File "C:\Users\xenoa\AppData\Roaming\uv\python\cpython-3.11-windows-x86_64-none\Lib\threading.py", line 1045, in _bootstrap_inner
Traceback (most recent call last):
    self.run()
  File "C:\Users\xenoa\AppData\Roaming\uv\python\cpython-3.11-windows-x86_64-none\Lib\threading.py", line 1045, in _bootstrap_inner
  File "C:\Users\xenoa\AppData\Roaming\uv\python\cpython-3.11-windows-x86_64-none\Lib\threading.py", line 982, in run
    self.run()
  File "C:\Users\xenoa\AppData\Roaming\uv\python\cpython-3.11-windows-x86_64-none\Lib\threading.py", line 982, in run
    self._target(*self._args, **self._kwargs)
    self.run()
TypeError: main.<locals>.synth_worker() missing 1 required positional argument: 'wid'
  File "C:\Users\xenoa\AppData\Roaming\uv\python\cpython-3.11-windows-x86_64-none\Lib\threading.py", line 982, in run
    self._target(*self._args, **self._kwargs)
TypeError: main.<locals>.synth_worker() missing 1 required positional argument: 'wid'
    self._target(*self._args, **self._kwargs)
TypeError: main.<locals>.synth_worker() missing 1 required positional argument: 'wid'
Exception in thread Thread-389 (synth_worker):
Exception in thread Thread-390 (synth_worker):
Traceback (most recent call last):
Traceback (most recent call last):
  File "C:\Users\xenoa\AppData\Roaming\uv\python\cpython-3.11-windows-x86_64-none\Lib\threading.py", line 1045, in _bootstrap_inner
  File "C:\Users\xenoa\AppData\Roaming\uv\python\cpython-3.11-windows-x86_64-none\Lib\threading.py", line 1045, in _bootstrap_inner
Exception in thread Thread-391 (synth_worker):
Traceback (most recent call last):
    self.run()
  File "C:\Users\xenoa\AppData\Roaming\uv\python\cpython-3.11-windows-x86_64-none\Lib\threading.py", line 1045, in _bootstrap_inner
  File "C:\Users\xenoa\AppData\Roaming\uv\python\cpython-3.11-windows-x86_64-none\Lib\threading.py", line 982, in run
    self.run()
    self.run()
  File "C:\Users\xenoa\AppData\Roaming\uv\python\cpython-3.11-windows-x86_64-none\Lib\threading.py", line 982, in run
  File "C:\Users\xenoa\AppData\Roaming\uv\python\cpython-3.11-windows-x86_64-none\Lib\threading.py", line 982, in run
    self._target(*self._args, **self._kwargs)
    self._target(*self._args, **self._kwargs)
    self._target(*self._args, **self._kwargs)
TypeError: main.<locals>.synth_worker() missing 1 required positional argument: 'wid'
TypeError: main.<locals>.synth_worker() missing 1 required positional argument: 'wid'
TypeError: main.<locals>.synth_worker() missing 1 required positional argument: 'wid'
Exception in thread Thread-392 (synth_worker):
Traceback (most recent call last):
Exception in thread Thread-393 (synth_worker):
Exception in thread Thread-394 (synth_worker):
Traceback (most recent call last):
Traceback (most recent call last):
  File "C:\Users\xenoa\AppData\Roaming\uv\python\cpython-3.11-windows-x86_64-none\Lib\threading.py", line 1045, in _bootstrap_inner
  File "C:\Users\xenoa\AppData\Roaming\uv\python\cpython-3.11-windows-x86_64-none\Lib\threading.py", line 1045, in _bootstrap_inner
  File "C:\Users\xenoa\AppData\Roaming\uv\python\cpython-3.11-windows-x86_64-none\Lib\threading.py", line 1045, in _bootstrap_inner
    self.run()
    self.run()
  File "C:\Users\xenoa\AppData\Roaming\uv\python\cpython-3.11-windows-x86_64-none\Lib\threading.py", line 982, in run
  File "C:\Users\xenoa\AppData\Roaming\uv\python\cpython-3.11-windows-x86_64-none\Lib\threading.py", line 982, in run
    self.run()
  File "C:\Users\xenoa\AppData\Roaming\uv\python\cpython-3.11-windows-x86_64-none\Lib\threading.py", line 982, in run
    self._target(*self._args, **self._kwargs)
    self._target(*self._args, **self._kwargs)
TypeError: main.<locals>.synth_worker() missing 1 required positional argument: 'wid'
TypeError: main.<locals>.synth_worker() missing 1 required positional argument: 'wid'
    self._target(*self._args, **self._kwargs)
TypeError: main.<locals>.synth_worker() missing 1 required positional argument: 'wid'
Exception in thread Thread-395 (synth_worker):
Exception in thread Thread-396 (synth_worker):
Traceback (most recent call last):
Traceback (most recent call last):
  File "C:\Users\xenoa\AppData\Roaming\uv\python\cpython-3.11-windows-x86_64-none\Lib\threading.py", line 1045, in _bootstrap_inner
  File "C:\Users\xenoa\AppData\Roaming\uv\python\cpython-3.11-windows-x86_64-none\Lib\threading.py", line 1045, in _bootstrap_inner
Exception in thread Thread-397 (synth_worker):
Traceback (most recent call last):
    self.run()
    self.run()
  File "C:\Users\xenoa\AppData\Roaming\uv\python\cpython-3.11-windows-x86_64-none\Lib\threading.py", line 982, in run
  File "C:\Users\xenoa\AppData\Roaming\uv\python\cpython-3.11-windows-x86_64-none\Lib\threading.py", line 982, in run
  File "C:\Users\xenoa\AppData\Roaming\uv\python\cpython-3.11-windows-x86_64-none\Lib\threading.py", line 1045, in _bootstrap_inner
    self._target(*self._args, **self._kwargs)
TypeError: main.<locals>.synth_worker() missing 1 required positional argument: 'wid'
    self.run()
    self._target(*self._args, **self._kwargs)
  File "C:\Users\xenoa\AppData\Roaming\uv\python\cpython-3.11-windows-x86_64-none\Lib\threading.py", line 982, in run
TypeError: main.<locals>.synth_worker() missing 1 required positional argument: 'wid'
    self._target(*self._args, **self._kwargs)
TypeError: main.<locals>.synth_worker() missing 1 required positional argument: 'wid'
Exception in thread Thread-398 (synth_worker):
Exception in thread Thread-399 (synth_worker):
Traceback (most recent call last):
Traceback (most recent call last):
  File "C:\Users\xenoa\AppData\Roaming\uv\python\cpython-3.11-windows-x86_64-none\Lib\threading.py", line 1045, in _bootstrap_inner
  File "C:\Users\xenoa\AppData\Roaming\uv\python\cpython-3.11-windows-x86_64-none\Lib\threading.py", line 1045, in _bootstrap_inner
Exception in thread Thread-400 (synth_worker):
    self.run()
Traceback (most recent call last):
  File "C:\Users\xenoa\AppData\Roaming\uv\python\cpython-3.11-windows-x86_64-none\Lib\threading.py", line 982, in run
  File "C:\Users\xenoa\AppData\Roaming\uv\python\cpython-3.11-windows-x86_64-none\Lib\threading.py", line 1045, in _bootstrap_inner
    self.run()
    self._target(*self._args, **self._kwargs)
  File "C:\Users\xenoa\AppData\Roaming\uv\python\cpython-3.11-windows-x86_64-none\Lib\threading.py", line 982, in run
TypeError: main.<locals>.synth_worker() missing 1 required positional argument: 'wid'
    self.run()
    self._target(*self._args, **self._kwargs)
  File "C:\Users\xenoa\AppData\Roaming\uv\python\cpython-3.11-windows-x86_64-none\Lib\threading.py", line 982, in run
TypeError: main.<locals>.synth_worker() missing 1 required positional argument: 'wid'
    self._target(*self._args, **self._kwargs)
TypeError: main.<locals>.synth_worker() missing 1 required positional argument: 'wid'
Exception in thread Thread-401 (synth_worker):
Traceback (most recent call last):
Exception in thread Thread-403 (synth_worker):
Traceback (most recent call last):
  File "C:\Users\xenoa\AppData\Roaming\uv\python\cpython-3.11-windows-x86_64-none\Lib\threading.py", line 1045, in _bootstrap_inner
  File "C:\Users\xenoa\AppData\Roaming\uv\python\cpython-3.11-windows-x86_64-none\Lib\threading.py", line 1045, in _bootstrap_inner
Exception in thread Thread-402 (synth_worker):
Traceback (most recent call last):
  File "C:\Users\xenoa\AppData\Roaming\uv\python\cpython-3.11-windows-x86_64-none\Lib\threading.py", line 1045, in _bootstrap_inner
    self.run()
  File "C:\Users\xenoa\AppData\Roaming\uv\python\cpython-3.11-windows-x86_64-none\Lib\threading.py", line 982, in run
    self.run()
  File "C:\Users\xenoa\AppData\Roaming\uv\python\cpython-3.11-windows-x86_64-none\Lib\threading.py", line 982, in run
    self.run()
    self._target(*self._args, **self._kwargs)
  File "C:\Users\xenoa\AppData\Roaming\uv\python\cpython-3.11-windows-x86_64-none\Lib\threading.py", line 982, in run
TypeError: main.<locals>.synth_worker() missing 1 required positional argument: 'wid'
    self._target(*self._args, **self._kwargs)
    self._target(*self._args, **self._kwargs)
TypeError: main.<locals>.synth_worker() missing 1 required positional argument: 'wid'
TypeError: main.<locals>.synth_worker() missing 1 required positional argument: 'wid'
Exception in thread Thread-404 (synth_worker):
Exception in thread Thread-405 (synth_worker):
Traceback (most recent call last):
Traceback (most recent call last):
Exception in thread Thread-406 (synth_worker):
Traceback (most recent call last):
  File "C:\Users\xenoa\AppData\Roaming\uv\python\cpython-3.11-windows-x86_64-none\Lib\threading.py", line 1045, in _bootstrap_inner
  File "C:\Users\xenoa\AppData\Roaming\uv\python\cpython-3.11-windows-x86_64-none\Lib\threading.py", line 1045, in _bootstrap_inner
  File "C:\Users\xenoa\AppData\Roaming\uv\python\cpython-3.11-windows-x86_64-none\Lib\threading.py", line 1045, in _bootstrap_inner
    self.run()
  File "C:\Users\xenoa\AppData\Roaming\uv\python\cpython-3.11-windows-x86_64-none\Lib\threading.py", line 982, in run
    self.run()
  File "C:\Users\xenoa\AppData\Roaming\uv\python\cpython-3.11-windows-x86_64-none\Lib\threading.py", line 982, in run
    self.run()
  File "C:\Users\xenoa\AppData\Roaming\uv\python\cpython-3.11-windows-x86_64-none\Lib\threading.py", line 982, in run
    self._target(*self._args, **self._kwargs)
TypeError: main.<locals>.synth_worker() missing 1 required positional argument: 'wid'
    self._target(*self._args, **self._kwargs)
TypeError: main.<locals>.synth_worker() missing 1 required positional argument: 'wid'
    self._target(*self._args, **self._kwargs)
TypeError: main.<locals>.synth_worker() missing 1 required positional argument: 'wid'
Exception in thread Thread-407 (synth_worker):
Exception in thread Thread-408 (synth_worker):
Traceback (most recent call last):
Traceback (most recent call last):
Exception in thread Thread-409 (synth_worker):
  File "C:\Users\xenoa\AppData\Roaming\uv\python\cpython-3.11-windows-x86_64-none\Lib\threading.py", line 1045, in _bootstrap_inner
Traceback (most recent call last):
  File "C:\Users\xenoa\AppData\Roaming\uv\python\cpython-3.11-windows-x86_64-none\Lib\threading.py", line 1045, in _bootstrap_inner
  File "C:\Users\xenoa\AppData\Roaming\uv\python\cpython-3.11-windows-x86_64-none\Lib\threading.py", line 1045, in _bootstrap_inner
    self.run()
  File "C:\Users\xenoa\AppData\Roaming\uv\python\cpython-3.11-windows-x86_64-none\Lib\threading.py", line 982, in run
    self.run()
    self.run()
  File "C:\Users\xenoa\AppData\Roaming\uv\python\cpython-3.11-windows-x86_64-none\Lib\threading.py", line 982, in run
  File "C:\Users\xenoa\AppData\Roaming\uv\python\cpython-3.11-windows-x86_64-none\Lib\threading.py", line 982, in run
    self._target(*self._args, **self._kwargs)
TypeError: main.<locals>.synth_worker() missing 1 required positional argument: 'wid'
    self._target(*self._args, **self._kwargs)
    self._target(*self._args, **self._kwargs)
TypeError: main.<locals>.synth_worker() missing 1 required positional argument: 'wid'
TypeError: main.<locals>.synth_worker() missing 1 required positional argument: 'wid'
Exception in thread Thread-410 (synth_worker):
Exception in thread Thread-411 (synth_worker):
Traceback (most recent call last):
Traceback (most recent call last):
Exception in thread Thread-412 (synth_worker):
  File "C:\Users\xenoa\AppData\Roaming\uv\python\cpython-3.11-windows-x86_64-none\Lib\threading.py", line 1045, in _bootstrap_inner
Traceback (most recent call last):
  File "C:\Users\xenoa\AppData\Roaming\uv\python\cpython-3.11-windows-x86_64-none\Lib\threading.py", line 1045, in _bootstrap_inner
  File "C:\Users\xenoa\AppData\Roaming\uv\python\cpython-3.11-windows-x86_64-none\Lib\threading.py", line 1045, in _bootstrap_inner
    self.run()
    self.run()
  File "C:\Users\xenoa\AppData\Roaming\uv\python\cpython-3.11-windows-x86_64-none\Lib\threading.py", line 982, in run
  File "C:\Users\xenoa\AppData\Roaming\uv\python\cpython-3.11-windows-x86_64-none\Lib\threading.py", line 982, in run
    self.run()
  File "C:\Users\xenoa\AppData\Roaming\uv\python\cpython-3.11-windows-x86_64-none\Lib\threading.py", line 982, in run
    self._target(*self._args, **self._kwargs)
    self._target(*self._args, **self._kwargs)
TypeError: main.<locals>.synth_worker() missing 1 required positional argument: 'wid'
TypeError: main.<locals>.synth_worker() missing 1 required positional argument: 'wid'
    self._target(*self._args, **self._kwargs)
TypeError: main.<locals>.synth_worker() missing 1 required positional argument: 'wid'
Exception in thread Thread-413 (synth_worker):
Exception in thread Thread-414 (synth_worker):
Traceback (most recent call last):
Traceback (most recent call last):
  File "C:\Users\xenoa\AppData\Roaming\uv\python\cpython-3.11-windows-x86_64-none\Lib\threading.py", line 1045, in _bootstrap_inner
  File "C:\Users\xenoa\AppData\Roaming\uv\python\cpython-3.11-windows-x86_64-none\Lib\threading.py", line 1045, in _bootstrap_inner
Exception in thread Thread-415 (synth_worker):
Traceback (most recent call last):
    self.run()
  File "C:\Users\xenoa\AppData\Roaming\uv\python\cpython-3.11-windows-x86_64-none\Lib\threading.py", line 1045, in _bootstrap_inner
  File "C:\Users\xenoa\AppData\Roaming\uv\python\cpython-3.11-windows-x86_64-none\Lib\threading.py", line 982, in run
    self.run()
    self.run()
  File "C:\Users\xenoa\AppData\Roaming\uv\python\cpython-3.11-windows-x86_64-none\Lib\threading.py", line 982, in run
  File "C:\Users\xenoa\AppData\Roaming\uv\python\cpython-3.11-windows-x86_64-none\Lib\threading.py", line 982, in run
    self._target(*self._args, **self._kwargs)
TypeError: main.<locals>.synth_worker() missing 1 required positional argument: 'wid'
    self._target(*self._args, **self._kwargs)
    self._target(*self._args, **self._kwargs)
TypeError: main.<locals>.synth_worker() missing 1 required positional argument: 'wid'
TypeError: main.<locals>.synth_worker() missing 1 required positional argument: 'wid'
Exception in thread Thread-416 (synth_worker):
Exception in thread Thread-417 (synth_worker):
Traceback (most recent call last):
  File "C:\Users\xenoa\AppData\Roaming\uv\python\cpython-3.11-windows-x86_64-none\Lib\threading.py", line 1045, in _bootstrap_inner
Traceback (most recent call last):
Exception in thread Thread-418 (synth_worker):
Traceback (most recent call last):
  File "C:\Users\xenoa\AppData\Roaming\uv\python\cpython-3.11-windows-x86_64-none\Lib\threading.py", line 1045, in _bootstrap_inner
  File "C:\Users\xenoa\AppData\Roaming\uv\python\cpython-3.11-windows-x86_64-none\Lib\threading.py", line 1045, in _bootstrap_inner
    self.run()
  File "C:\Users\xenoa\AppData\Roaming\uv\python\cpython-3.11-windows-x86_64-none\Lib\threading.py", line 982, in run
    self.run()
  File "C:\Users\xenoa\AppData\Roaming\uv\python\cpython-3.11-windows-x86_64-none\Lib\threading.py", line 982, in run
    self.run()
    self._target(*self._args, **self._kwargs)
  File "C:\Users\xenoa\AppData\Roaming\uv\python\cpython-3.11-windows-x86_64-none\Lib\threading.py", line 982, in run
TypeError: main.<locals>.synth_worker() missing 1 required positional argument: 'wid'
    self._target(*self._args, **self._kwargs)
    self._target(*self._args, **self._kwargs)
TypeError: main.<locals>.synth_worker() missing 1 required positional argument: 'wid'
TypeError: main.<locals>.synth_worker() missing 1 required positional argument: 'wid'
Exception in thread Thread-419 (synth_worker):
Exception in thread Thread-420 (synth_worker):
Traceback (most recent call last):
  File "C:\Users\xenoa\AppData\Roaming\uv\python\cpython-3.11-windows-x86_64-none\Lib\threading.py", line 1045, in _bootstrap_inner
Exception in thread Thread-421 (synth_worker):
Traceback (most recent call last):
Traceback (most recent call last):
  File "C:\Users\xenoa\AppData\Roaming\uv\python\cpython-3.11-windows-x86_64-none\Lib\threading.py", line 1045, in _bootstrap_inner
  File "C:\Users\xenoa\AppData\Roaming\uv\python\cpython-3.11-windows-x86_64-none\Lib\threading.py", line 1045, in _bootstrap_inner
    self.run()
    self.run()
  File "C:\Users\xenoa\AppData\Roaming\uv\python\cpython-3.11-windows-x86_64-none\Lib\threading.py", line 982, in run
  File "C:\Users\xenoa\AppData\Roaming\uv\python\cpython-3.11-windows-x86_64-none\Lib\threading.py", line 982, in run
    self.run()
    self._target(*self._args, **self._kwargs)
  File "C:\Users\xenoa\AppData\Roaming\uv\python\cpython-3.11-windows-x86_64-none\Lib\threading.py", line 982, in run
TypeError: main.<locals>.synth_worker() missing 1 required positional argument: 'wid'
    self._target(*self._args, **self._kwargs)
TypeError: main.<locals>.synth_worker() missing 1 required positional argument: 'wid'
    self._target(*self._args, **self._kwargs)
TypeError: main.<locals>.synth_worker() missing 1 required positional argument: 'wid'
Exception in thread Thread-422 (synth_worker):
Traceback (most recent call last):
Exception in thread Thread-423 (synth_worker):
Traceback (most recent call last):
  File "C:\Users\xenoa\AppData\Roaming\uv\python\cpython-3.11-windows-x86_64-none\Lib\threading.py", line 1045, in _bootstrap_inner
Exception in thread Thread-424 (synth_worker):
  File "C:\Users\xenoa\AppData\Roaming\uv\python\cpython-3.11-windows-x86_64-none\Lib\threading.py", line 1045, in _bootstrap_inner
    self.run()
Traceback (most recent call last):
  File "C:\Users\xenoa\AppData\Roaming\uv\python\cpython-3.11-windows-x86_64-none\Lib\threading.py", line 1045, in _bootstrap_inner
    self.run()
  File "C:\Users\xenoa\AppData\Roaming\uv\python\cpython-3.11-windows-x86_64-none\Lib\threading.py", line 982, in run
    self.run()
  File "C:\Users\xenoa\AppData\Roaming\uv\python\cpython-3.11-windows-x86_64-none\Lib\threading.py", line 982, in run
  File "C:\Users\xenoa\AppData\Roaming\uv\python\cpython-3.11-windows-x86_64-none\Lib\threading.py", line 982, in run
    self._target(*self._args, **self._kwargs)
TypeError: main.<locals>.synth_worker() missing 1 required positional argument: 'wid'
    self._target(*self._args, **self._kwargs)
    self._target(*self._args, **self._kwargs)
TypeError: main.<locals>.synth_worker() missing 1 required positional argument: 'wid'
TypeError: main.<locals>.synth_worker() missing 1 required positional argument: 'wid'
Exception in thread Thread-425 (synth_worker):
Traceback (most recent call last):
Exception in thread Thread-427 (synth_worker):
Traceback (most recent call last):
  File "C:\Users\xenoa\AppData\Roaming\uv\python\cpython-3.11-windows-x86_64-none\Lib\threading.py", line 1045, in _bootstrap_inner
  File "C:\Users\xenoa\AppData\Roaming\uv\python\cpython-3.11-windows-x86_64-none\Lib\threading.py", line 1045, in _bootstrap_inner
Exception in thread Thread-426 (synth_worker):
    self.run()
    self.run()
  File "C:\Users\xenoa\AppData\Roaming\uv\python\cpython-3.11-windows-x86_64-none\Lib\threading.py", line 982, in run
  File "C:\Users\xenoa\AppData\Roaming\uv\python\cpython-3.11-windows-x86_64-none\Lib\threading.py", line 982, in run
Traceback (most recent call last):
    self._target(*self._args, **self._kwargs)
  File "C:\Users\xenoa\AppData\Roaming\uv\python\cpython-3.11-windows-x86_64-none\Lib\threading.py", line 1045, in _bootstrap_inner
TypeError: main.<locals>.synth_worker() missing 1 required positional argument: 'wid'
    self._target(*self._args, **self._kwargs)
TypeError: main.<locals>.synth_worker() missing 1 required positional argument: 'wid'
    self.run()
  File "C:\Users\xenoa\AppData\Roaming\uv\python\cpython-3.11-windows-x86_64-none\Lib\threading.py", line 982, in run
    self._target(*self._args, **self._kwargs)
TypeError: main.<locals>.synth_worker() missing 1 required positional argument: 'wid'
Exception in thread Thread-428 (synth_worker):
Exception in thread Thread-429 (synth_worker):
Traceback (most recent call last):
Traceback (most recent call last):
  File "C:\Users\xenoa\AppData\Roaming\uv\python\cpython-3.11-windows-x86_64-none\Lib\threading.py", line 1045, in _bootstrap_inner
  File "C:\Users\xenoa\AppData\Roaming\uv\python\cpython-3.11-windows-x86_64-none\Lib\threading.py", line 1045, in _bootstrap_inner
Exception in thread Thread-430 (synth_worker):
Traceback (most recent call last):
  File "C:\Users\xenoa\AppData\Roaming\uv\python\cpython-3.11-windows-x86_64-none\Lib\threading.py", line 1045, in _bootstrap_inner
    self.run()
    self.run()
  File "C:\Users\xenoa\AppData\Roaming\uv\python\cpython-3.11-windows-x86_64-none\Lib\threading.py", line 982, in run
  File "C:\Users\xenoa\AppData\Roaming\uv\python\cpython-3.11-windows-x86_64-none\Lib\threading.py", line 982, in run
    self.run()
  File "C:\Users\xenoa\AppData\Roaming\uv\python\cpython-3.11-windows-x86_64-none\Lib\threading.py", line 982, in run
    self._target(*self._args, **self._kwargs)
    self._target(*self._args, **self._kwargs)
    self._target(*self._args, **self._kwargs)
TypeError: main.<locals>.synth_worker() missing 1 required positional argument: 'wid'
TypeError: main.<locals>.synth_worker() missing 1 required positional argument: 'wid'
TypeError: main.<locals>.synth_worker() missing 1 required positional argument: 'wid'
Exception in thread Thread-431 (synth_worker):
Traceback (most recent call last):
  File "C:\Users\xenoa\AppData\Roaming\uv\python\cpython-3.11-windows-x86_64-none\Lib\threading.py", line 1045, in _bootstrap_inner
Exception in thread Thread-432 (synth_worker):
Exception in thread Thread-433 (synth_worker):
    self.run()
  File "C:\Users\xenoa\AppData\Roaming\uv\python\cpython-3.11-windows-x86_64-none\Lib\threading.py", line 982, in run
Traceback (most recent call last):
Traceback (most recent call last):
  File "C:\Users\xenoa\AppData\Roaming\uv\python\cpython-3.11-windows-x86_64-none\Lib\threading.py", line 1045, in _bootstrap_inner
  File "C:\Users\xenoa\AppData\Roaming\uv\python\cpython-3.11-windows-x86_64-none\Lib\threading.py", line 1045, in _bootstrap_inner
    self._target(*self._args, **self._kwargs)
    self.run()
TypeError: main.<locals>.synth_worker() missing 1 required positional argument: 'wid'
  File "C:\Users\xenoa\AppData\Roaming\uv\python\cpython-3.11-windows-x86_64-none\Lib\threading.py", line 982, in run
    self.run()
  File "C:\Users\xenoa\AppData\Roaming\uv\python\cpython-3.11-windows-x86_64-none\Lib\threading.py", line 982, in run
    self._target(*self._args, **self._kwargs)
TypeError: main.<locals>.synth_worker() missing 1 required positional argument: 'wid'
    self._target(*self._args, **self._kwargs)
TypeError: main.<locals>.synth_worker() missing 1 required positional argument: 'wid'
Exception in thread Thread-434 (synth_worker):
Exception in thread Thread-435 (synth_worker):
Traceback (most recent call last):
Traceback (most recent call last):
  File "C:\Users\xenoa\AppData\Roaming\uv\python\cpython-3.11-windows-x86_64-none\Lib\threading.py", line 1045, in _bootstrap_inner
  File "C:\Users\xenoa\AppData\Roaming\uv\python\cpython-3.11-windows-x86_64-none\Lib\threading.py", line 1045, in _bootstrap_inner
Exception in thread Thread-436 (synth_worker):
Traceback (most recent call last):
  File "C:\Users\xenoa\AppData\Roaming\uv\python\cpython-3.11-windows-x86_64-none\Lib\threading.py", line 1045, in _bootstrap_inner
    self.run()
    self.run()
    self.run()
  File "C:\Users\xenoa\AppData\Roaming\uv\python\cpython-3.11-windows-x86_64-none\Lib\threading.py", line 982, in run
  File "C:\Users\xenoa\AppData\Roaming\uv\python\cpython-3.11-windows-x86_64-none\Lib\threading.py", line 982, in run
  File "C:\Users\xenoa\AppData\Roaming\uv\python\cpython-3.11-windows-x86_64-none\Lib\threading.py", line 982, in run
    self._target(*self._args, **self._kwargs)
    self._target(*self._args, **self._kwargs)
TypeError: main.<locals>.synth_worker() missing 1 required positional argument: 'wid'
TypeError: main.<locals>.synth_worker() missing 1 required positional argument: 'wid'
    self._target(*self._args, **self._kwargs)
TypeError: main.<locals>.synth_worker() missing 1 required positional argument: 'wid'
Exception in thread Thread-437 (synth_worker):
Exception in thread Thread-438 (synth_worker):
Traceback (most recent call last):
Traceback (most recent call last):
  File "C:\Users\xenoa\AppData\Roaming\uv\python\cpython-3.11-windows-x86_64-none\Lib\threading.py", line 1045, in _bootstrap_inner
  File "C:\Users\xenoa\AppData\Roaming\uv\python\cpython-3.11-windows-x86_64-none\Lib\threading.py", line 1045, in _bootstrap_inner
Exception in thread Thread-439 (synth_worker):
    self.run()
Traceback (most recent call last):
  File "C:\Users\xenoa\AppData\Roaming\uv\python\cpython-3.11-windows-x86_64-none\Lib\threading.py", line 982, in run
  File "C:\Users\xenoa\AppData\Roaming\uv\python\cpython-3.11-windows-x86_64-none\Lib\threading.py", line 1045, in _bootstrap_inner
    self.run()
    self._target(*self._args, **self._kwargs)
  File "C:\Users\xenoa\AppData\Roaming\uv\python\cpython-3.11-windows-x86_64-none\Lib\threading.py", line 982, in run
TypeError: main.<locals>.synth_worker() missing 1 required positional argument: 'wid'
    self.run()
  File "C:\Users\xenoa\AppData\Roaming\uv\python\cpython-3.11-windows-x86_64-none\Lib\threading.py", line 982, in run
    self._target(*self._args, **self._kwargs)
TypeError: main.<locals>.synth_worker() missing 1 required positional argument: 'wid'
    self._target(*self._args, **self._kwargs)
TypeError: main.<locals>.synth_worker() missing 1 required positional argument: 'wid'
Exception in thread Thread-440 (synth_worker):
Traceback (most recent call last):
Exception in thread Thread-442 (synth_worker):
Traceback (most recent call last):
  File "C:\Users\xenoa\AppData\Roaming\uv\python\cpython-3.11-windows-x86_64-none\Lib\threading.py", line 1045, in _bootstrap_inner
  File "C:\Users\xenoa\AppData\Roaming\uv\python\cpython-3.11-windows-x86_64-none\Lib\threading.py", line 1045, in _bootstrap_inner
Exception in thread Thread-441 (synth_worker):
    self.run()
Traceback (most recent call last):
  File "C:\Users\xenoa\AppData\Roaming\uv\python\cpython-3.11-windows-x86_64-none\Lib\threading.py", line 1045, in _bootstrap_inner
  File "C:\Users\xenoa\AppData\Roaming\uv\python\cpython-3.11-windows-x86_64-none\Lib\threading.py", line 982, in run
    self.run()
  File "C:\Users\xenoa\AppData\Roaming\uv\python\cpython-3.11-windows-x86_64-none\Lib\threading.py", line 982, in run
    self._target(*self._args, **self._kwargs)
TypeError: main.<locals>.synth_worker() missing 1 required positional argument: 'wid'
    self.run()
  File "C:\Users\xenoa\AppData\Roaming\uv\python\cpython-3.11-windows-x86_64-none\Lib\threading.py", line 982, in run
    self._target(*self._args, **self._kwargs)
TypeError: main.<locals>.synth_worker() missing 1 required positional argument: 'wid'
    self._target(*self._args, **self._kwargs)
TypeError: main.<locals>.synth_worker() missing 1 required positional argument: 'wid'
Exception in thread Thread-443 (synth_worker):
Traceback (most recent call last):
Exception in thread Thread-445 (synth_worker):
Traceback (most recent call last):
  File "C:\Users\xenoa\AppData\Roaming\uv\python\cpython-3.11-windows-x86_64-none\Lib\threading.py", line 1045, in _bootstrap_inner
  File "C:\Users\xenoa\AppData\Roaming\uv\python\cpython-3.11-windows-x86_64-none\Lib\threading.py", line 1045, in _bootstrap_inner
Exception in thread Thread-444 (synth_worker):
    self.run()
Traceback (most recent call last):
  File "C:\Users\xenoa\AppData\Roaming\uv\python\cpython-3.11-windows-x86_64-none\Lib\threading.py", line 1045, in _bootstrap_inner
    self.run()
  File "C:\Users\xenoa\AppData\Roaming\uv\python\cpython-3.11-windows-x86_64-none\Lib\threading.py", line 982, in run
    self.run()
  File "C:\Users\xenoa\AppData\Roaming\uv\python\cpython-3.11-windows-x86_64-none\Lib\threading.py", line 982, in run
  File "C:\Users\xenoa\AppData\Roaming\uv\python\cpython-3.11-windows-x86_64-none\Lib\threading.py", line 982, in run
    self._target(*self._args, **self._kwargs)
    self._target(*self._args, **self._kwargs)
TypeError: main.<locals>.synth_worker() missing 1 required positional argument: 'wid'
TypeError: main.<locals>.synth_worker() missing 1 required positional argument: 'wid'
    self._target(*self._args, **self._kwargs)
TypeError: main.<locals>.synth_worker() missing 1 required positional argument: 'wid'
Exception in thread Thread-446 (synth_worker):
Traceback (most recent call last):
  File "C:\Users\xenoa\AppData\Roaming\uv\python\cpython-3.11-windows-x86_64-none\Lib\threading.py", line 1045, in _bootstrap_inner
Exception in thread Thread-447 (synth_worker):
Traceback (most recent call last):
  File "C:\Users\xenoa\AppData\Roaming\uv\python\cpython-3.11-windows-x86_64-none\Lib\threading.py", line 1045, in _bootstrap_inner
    self.run()
Exception in thread Thread-448 (synth_worker):
Traceback (most recent call last):
  File "C:\Users\xenoa\AppData\Roaming\uv\python\cpython-3.11-windows-x86_64-none\Lib\threading.py", line 982, in run
  File "C:\Users\xenoa\AppData\Roaming\uv\python\cpython-3.11-windows-x86_64-none\Lib\threading.py", line 1045, in _bootstrap_inner
    self.run()
  File "C:\Users\xenoa\AppData\Roaming\uv\python\cpython-3.11-windows-x86_64-none\Lib\threading.py", line 982, in run
    self._target(*self._args, **self._kwargs)
    self.run()
TypeError: main.<locals>.synth_worker() missing 1 required positional argument: 'wid'
    self._target(*self._args, **self._kwargs)
  File "C:\Users\xenoa\AppData\Roaming\uv\python\cpython-3.11-windows-x86_64-none\Lib\threading.py", line 982, in run
TypeError: main.<locals>.synth_worker() missing 1 required positional argument: 'wid'
    self._target(*self._args, **self._kwargs)
TypeError: main.<locals>.synth_worker() missing 1 required positional argument: 'wid'
Exception in thread Thread-449 (synth_worker):
Traceback (most recent call last):
  File "C:\Users\xenoa\AppData\Roaming\uv\python\cpython-3.11-windows-x86_64-none\Lib\threading.py", line 1045, in _bootstrap_inner
Exception in thread Thread-451 (synth_worker):
Exception in thread Thread-450 (synth_worker):
Traceback (most recent call last):
  File "C:\Users\xenoa\AppData\Roaming\uv\python\cpython-3.11-windows-x86_64-none\Lib\threading.py", line 1045, in _bootstrap_inner
Traceback (most recent call last):
  File "C:\Users\xenoa\AppData\Roaming\uv\python\cpython-3.11-windows-x86_64-none\Lib\threading.py", line 1045, in _bootstrap_inner
    self.run()
    self.run()
  File "C:\Users\xenoa\AppData\Roaming\uv\python\cpython-3.11-windows-x86_64-none\Lib\threading.py", line 982, in run
  File "C:\Users\xenoa\AppData\Roaming\uv\python\cpython-3.11-windows-x86_64-none\Lib\threading.py", line 982, in run
    self.run()
    self._target(*self._args, **self._kwargs)
TypeError: main.<locals>.synth_worker() missing 1 required positional argument: 'wid'
  File "C:\Users\xenoa\AppData\Roaming\uv\python\cpython-3.11-windows-x86_64-none\Lib\threading.py", line 982, in run
    self._target(*self._args, **self._kwargs)
TypeError: main.<locals>.synth_worker() missing 1 required positional argument: 'wid'
    self._target(*self._args, **self._kwargs)
TypeError: main.<locals>.synth_worker() missing 1 required positional argument: 'wid'
Exception in thread Thread-452 (synth_worker):
Exception in thread Thread-453 (synth_worker):
Traceback (most recent call last):
Traceback (most recent call last):
  File "C:\Users\xenoa\AppData\Roaming\uv\python\cpython-3.11-windows-x86_64-none\Lib\threading.py", line 1045, in _bootstrap_inner
  File "C:\Users\xenoa\AppData\Roaming\uv\python\cpython-3.11-windows-x86_64-none\Lib\threading.py", line 1045, in _bootstrap_inner
Exception in thread Thread-454 (synth_worker):
Traceback (most recent call last):
  File "C:\Users\xenoa\AppData\Roaming\uv\python\cpython-3.11-windows-x86_64-none\Lib\threading.py", line 1045, in _bootstrap_inner
    self.run()
    self.run()
  File "C:\Users\xenoa\AppData\Roaming\uv\python\cpython-3.11-windows-x86_64-none\Lib\threading.py", line 982, in run
    self.run()
  File "C:\Users\xenoa\AppData\Roaming\uv\python\cpython-3.11-windows-x86_64-none\Lib\threading.py", line 982, in run
  File "C:\Users\xenoa\AppData\Roaming\uv\python\cpython-3.11-windows-x86_64-none\Lib\threading.py", line 982, in run
    self._target(*self._args, **self._kwargs)
    self._target(*self._args, **self._kwargs)
TypeError: main.<locals>.synth_worker() missing 1 required positional argument: 'wid'
TypeError: main.<locals>.synth_worker() missing 1 required positional argument: 'wid'
    self._target(*self._args, **self._kwargs)
TypeError: main.<locals>.synth_worker() missing 1 required positional argument: 'wid'
Exception in thread Thread-455 (synth_worker):
Exception in thread Thread-456 (synth_worker):
Traceback (most recent call last):
Traceback (most recent call last):
  File "C:\Users\xenoa\AppData\Roaming\uv\python\cpython-3.11-windows-x86_64-none\Lib\threading.py", line 1045, in _bootstrap_inner
  File "C:\Users\xenoa\AppData\Roaming\uv\python\cpython-3.11-windows-x86_64-none\Lib\threading.py", line 1045, in _bootstrap_inner
Exception in thread Thread-457 (synth_worker):
Traceback (most recent call last):
  File "C:\Users\xenoa\AppData\Roaming\uv\python\cpython-3.11-windows-x86_64-none\Lib\threading.py", line 1045, in _bootstrap_inner
    self.run()
  File "C:\Users\xenoa\AppData\Roaming\uv\python\cpython-3.11-windows-x86_64-none\Lib\threading.py", line 982, in run
    self.run()
    self._target(*self._args, **self._kwargs)
TypeError: main.<locals>.synth_worker() missing 1 required positional argument: 'wid'
  File "C:\Users\xenoa\AppData\Roaming\uv\python\cpython-3.11-windows-x86_64-none\Lib\threading.py", line 982, in run
    self.run()
  File "C:\Users\xenoa\AppData\Roaming\uv\python\cpython-3.11-windows-x86_64-none\Lib\threading.py", line 982, in run
    self._target(*self._args, **self._kwargs)
TypeError: main.<locals>.synth_worker() missing 1 required positional argument: 'wid'
    self._target(*self._args, **self._kwargs)
TypeError: main.<locals>.synth_worker() missing 1 required positional argument: 'wid'
Exception in thread Thread-458 (synth_worker):
Exception in thread Thread-459 (synth_worker):
Traceback (most recent call last):
Traceback (most recent call last):
Exception in thread Thread-460 (synth_worker):
Traceback (most recent call last):
  File "C:\Users\xenoa\AppData\Roaming\uv\python\cpython-3.11-windows-x86_64-none\Lib\threading.py", line 1045, in _bootstrap_inner
  File "C:\Users\xenoa\AppData\Roaming\uv\python\cpython-3.11-windows-x86_64-none\Lib\threading.py", line 1045, in _bootstrap_inner
  File "C:\Users\xenoa\AppData\Roaming\uv\python\cpython-3.11-windows-x86_64-none\Lib\threading.py", line 1045, in _bootstrap_inner
    self.run()
  File "C:\Users\xenoa\AppData\Roaming\uv\python\cpython-3.11-windows-x86_64-none\Lib\threading.py", line 982, in run
    self.run()
    self.run()
  File "C:\Users\xenoa\AppData\Roaming\uv\python\cpython-3.11-windows-x86_64-none\Lib\threading.py", line 982, in run
  File "C:\Users\xenoa\AppData\Roaming\uv\python\cpython-3.11-windows-x86_64-none\Lib\threading.py", line 982, in run
    self._target(*self._args, **self._kwargs)
    self._target(*self._args, **self._kwargs)
TypeError: main.<locals>.synth_worker() missing 1 required positional argument: 'wid'
TypeError: main.<locals>.synth_worker() missing 1 required positional argument: 'wid'
    self._target(*self._args, **self._kwargs)
TypeError: main.<locals>.synth_worker() missing 1 required positional argument: 'wid'
Exception in thread Thread-461 (synth_worker):
Exception in thread Thread-462 (synth_worker):
Traceback (most recent call last):
Traceback (most recent call last):
  File "C:\Users\xenoa\AppData\Roaming\uv\python\cpython-3.11-windows-x86_64-none\Lib\threading.py", line 1045, in _bootstrap_inner
  File "C:\Users\xenoa\AppData\Roaming\uv\python\cpython-3.11-windows-x86_64-none\Lib\threading.py", line 1045, in _bootstrap_inner
Exception in thread Thread-463 (synth_worker):
Traceback (most recent call last):
  File "C:\Users\xenoa\AppData\Roaming\uv\python\cpython-3.11-windows-x86_64-none\Lib\threading.py", line 1045, in _bootstrap_inner
    self.run()
    self.run()
    self.run()
  File "C:\Users\xenoa\AppData\Roaming\uv\python\cpython-3.11-windows-x86_64-none\Lib\threading.py", line 982, in run
  File "C:\Users\xenoa\AppData\Roaming\uv\python\cpython-3.11-windows-x86_64-none\Lib\threading.py", line 982, in run
  File "C:\Users\xenoa\AppData\Roaming\uv\python\cpython-3.11-windows-x86_64-none\Lib\threading.py", line 982, in run
    self._target(*self._args, **self._kwargs)
    self._target(*self._args, **self._kwargs)
TypeError: main.<locals>.synth_worker() missing 1 required positional argument: 'wid'
TypeError: main.<locals>.synth_worker() missing 1 required positional argument: 'wid'
    self._target(*self._args, **self._kwargs)
TypeError: main.<locals>.synth_worker() missing 1 required positional argument: 'wid'
Exception in thread Thread-464 (synth_worker):
Exception in thread Thread-465 (synth_worker):
Traceback (most recent call last):
Traceback (most recent call last):
  File "C:\Users\xenoa\AppData\Roaming\uv\python\cpython-3.11-windows-x86_64-none\Lib\threading.py", line 1045, in _bootstrap_inner
  File "C:\Users\xenoa\AppData\Roaming\uv\python\cpython-3.11-windows-x86_64-none\Lib\threading.py", line 1045, in _bootstrap_inner
Exception in thread Thread-466 (synth_worker):
Traceback (most recent call last):
  File "C:\Users\xenoa\AppData\Roaming\uv\python\cpython-3.11-windows-x86_64-none\Lib\threading.py", line 1045, in _bootstrap_inner
    self.run()
  File "C:\Users\xenoa\AppData\Roaming\uv\python\cpython-3.11-windows-x86_64-none\Lib\threading.py", line 982, in run
    self.run()
    self.run()
    self._target(*self._args, **self._kwargs)
  File "C:\Users\xenoa\AppData\Roaming\uv\python\cpython-3.11-windows-x86_64-none\Lib\threading.py", line 982, in run
TypeError: main.<locals>.synth_worker() missing 1 required positional argument: 'wid'
  File "C:\Users\xenoa\AppData\Roaming\uv\python\cpython-3.11-windows-x86_64-none\Lib\threading.py", line 982, in run
    self._target(*self._args, **self._kwargs)
TypeError: main.<locals>.synth_worker() missing 1 required positional argument: 'wid'
    self._target(*self._args, **self._kwargs)
TypeError: main.<locals>.synth_worker() missing 1 required positional argument: 'wid'
Exception in thread Thread-467 (synth_worker):
Exception in thread Thread-468 (synth_worker):
Traceback (most recent call last):
Traceback (most recent call last):
  File "C:\Users\xenoa\AppData\Roaming\uv\python\cpython-3.11-windows-x86_64-none\Lib\threading.py", line 1045, in _bootstrap_inner
  File "C:\Users\xenoa\AppData\Roaming\uv\python\cpython-3.11-windows-x86_64-none\Lib\threading.py", line 1045, in _bootstrap_inner
Exception in thread Thread-469 (synth_worker):
Traceback (most recent call last):
  File "C:\Users\xenoa\AppData\Roaming\uv\python\cpython-3.11-windows-x86_64-none\Lib\threading.py", line 1045, in _bootstrap_inner
    self.run()
  File "C:\Users\xenoa\AppData\Roaming\uv\python\cpython-3.11-windows-x86_64-none\Lib\threading.py", line 982, in run
    self.run()
  File "C:\Users\xenoa\AppData\Roaming\uv\python\cpython-3.11-windows-x86_64-none\Lib\threading.py", line 982, in run
    self.run()
  File "C:\Users\xenoa\AppData\Roaming\uv\python\cpython-3.11-windows-x86_64-none\Lib\threading.py", line 982, in run
    self._target(*self._args, **self._kwargs)
    self._target(*self._args, **self._kwargs)
TypeError: main.<locals>.synth_worker() missing 1 required positional argument: 'wid'
    self._target(*self._args, **self._kwargs)
TypeError: main.<locals>.synth_worker() missing 1 required positional argument: 'wid'
TypeError: main.<locals>.synth_worker() missing 1 required positional argument: 'wid'
Exception in thread Thread-470 (synth_worker):
Traceback (most recent call last):
  File "C:\Users\xenoa\AppData\Roaming\uv\python\cpython-3.11-windows-x86_64-none\Lib\threading.py", line 1045, in _bootstrap_inner
    self.run()
  File "C:\Users\xenoa\AppData\Roaming\uv\python\cpython-3.11-windows-x86_64-none\Lib\threading.py", line 982, in run
    self._target(*self._args, **self._kwargs)
TypeError: main.<locals>.synth_worker() missing 1 required positional argument: 'wid'
Exception in thread Thread-471 (synth_worker):
Traceback (most recent call last):
  File "C:\Users\xenoa\AppData\Roaming\uv\python\cpython-3.11-windows-x86_64-none\Lib\threading.py", line 1045, in _bootstrap_inner
    self.run()
  File "C:\Users\xenoa\AppData\Roaming\uv\python\cpython-3.11-windows-x86_64-none\Lib\threading.py", line 982, in run
    self._target(*self._args, **self._kwargs)
TypeError: main.<locals>.synth_worker() missing 1 required positional argument: 'wid'
Exception in thread Thread-472 (synth_worker):
Traceback (most recent call last):
  File "C:\Users\xenoa\AppData\Roaming\uv\python\cpython-3.11-windows-x86_64-none\Lib\threading.py", line 1045, in _bootstrap_inner
    self.run()
  File "C:\Users\xenoa\AppData\Roaming\uv\python\cpython-3.11-windows-x86_64-none\Lib\threading.py", line 982, in run
    self._target(*self._args, **self._kwargs)
TypeError: main.<locals>.synth_worker() missing 1 required positional argument: 'wid'
